Column1,Column2,Column4,Column5,Column6,Column7,Column10,column11
10162,酷航,NRT,20240111,640,305,1045,1
7146,捷星日本,NRT,20240111,1250,305,1655,2
7146,捷星日本,NRT,20240111,220,310,630,3
9817,日本航空,NRT,20240111,1035,300,1435,4
9719,長榮航空,NRT,20240111,850,305,1255,5
9248,中華航空,NRT,20240111,1440,305,1845,6
9719,長榮航空,NRT,20240111,755,305,1200,7
10023,中華航空,NRT,20240111,1235,300,1635,8
10759,中華航空,NRT,20240111,930,300,1330,9
10239,長榮航空,NRT,20240111,850,305,1255,10
10122,STARLUX Airlines,NRT,20240111,1500,300,1900,11
10239,長榮航空,NRT,20240111,755,305,1200,12
10203,國泰航空,NRT,20240111,1250,300,1650,13
9817,日本航空,NRT,20240111,1540,300,1940,14
9719,長榮航空,NRT,20240111,1520,300,1920,15
10812,中華航空,NRT,20240111,1235,300,1635,16
11359,日本航空,NRT,20240111,1035,300,1435,17
10448,中華航空,NRT,20240111,1440,305,1845,18
12318,日本航空,NRT,20240111,930,300,1330,19
10239,長榮航空,NRT,20240111,1520,300,1920,20
10610,樂桃,NRT,20240111,935,305,1340,21
8610,樂桃,NRT,20240111,1655,305,2100,22
12036,酷航,NRT,20240111,640,305,1045,23
12704,STARLUX Airlines,NRT,20240111,830,300,1230,24
12704,STARLUX Airlines,NRT,20240111,1015,300,1415,25
21745,日本航空,NRT,20240111,1540,300,1940,26
30436,長榮航空,NRT,20240111,850,305,1255,27
30436,長榮航空,NRT,20240111,755,305,1200,28
7267,酷航,NRT,20240112,640,305,1045,29
9719,長榮航空,NRT,20240112,850,305,1255,30
9770,長榮航空,NRT,20240112,755,305,1200,31
9607,中華航空,NRT,20240112,1440,305,1845,32
9396,中華航空,NRT,20240112,1625,300,2025,33
10192,國泰航空,NRT,20240112,1250,300,1650,34
10239,長榮航空,NRT,20240112,850,305,1255,35
10691,中華航空,NRT,20240112,1235,300,1635,36
11042,日本航空,NRT,20240112,1035,300,1435,37
10750,長榮航空,NRT,20240112,755,305,1200,38
11234,中華航空,NRT,20240112,930,300,1330,39
10741,長榮航空,NRT,20240112,755,305,1200,40
9719,長榮航空,NRT,20240112,1520,300,1920,41
11359,日本航空,NRT,20240112,1035,300,1435,42
10741,長榮航空,NRT,20240112,755,305,1200,43
12704,STARLUX Airlines,NRT,20240112,1015,300,1415,44
12031,酷航,NRT,20240112,640,305,1045,45
10239,長榮航空,NRT,20240112,1520,300,1920,46
9510,樂桃,NRT,20240112,935,305,1340,47
11042,日本航空,NRT,20240112,1540,300,1940,48
12704,STARLUX Airlines,NRT,20240112,1500,300,1900,49
8610,樂桃,NRT,20240112,1655,305,2100,50
13786,泰國獅子航空,NRT,20240112,1520,305,1925,51
14703,STARLUX Airlines,NRT,20240112,830,300,1230,52
21745,日本航空,NRT,20240112,1540,300,1940,53
24018,中華航空,NRT,20240112,1235,300,1635,54
24018,中華航空,NRT,20240112,1440,305,1845,55
30485,長榮航空,NRT,20240112,850,305,1255,56
44698,中華航空,NRT,20240112,1625,300,2025,57
44698,中華航空,NRT,20240112,930,300,1330,58
8062,泰國獅子航空,NRT,20240113,1520,305,1925,59
10162,酷航,NRT,20240113,640,305,1045,60
12475,STARLUX Airlines,NRT,20240113,1500,300,1900,61
15564,新加坡航空,NRT,20240113,640,305,1045,62
14587,國泰航空,NRT,20240113,1250,300,1650,63
15513,長榮航空,NRT,20240113,755,305,1200,64
12910,樂桃,NRT,20240113,225,305,630,65
12910,樂桃,NRT,20240113,935,305,1340,66
17299,中華航空,NRT,20240113,930,300,1330,67
21310,STARLUX Airlines,NRT,20240113,830,300,1230,68
22086,泰國國際航空,NRT,20240113,755,305,1200,69
22086,泰國國際航空,NRT,20240113,850,305,1255,70
22077,紐西蘭航空,NRT,20240113,850,305,1255,71
22077,紐西蘭航空,NRT,20240113,755,305,1200,72
12910,樂桃,NRT,20240113,1655,305,2100,73
22077,加拿大航空,NRT,20240113,850,305,1255,74
23855,中華航空,NRT,20240113,930,300,1330,75
22077,加拿大航空,NRT,20240113,755,305,1200,76
23641,日本航空,NRT,20240113,1035,300,1435,77
22125,全日空,NRT,20240113,850,305,1255,78
22125,全日空,NRT,20240113,755,305,1200,79
22655,捷星航空,NRT,20240113,1250,305,1655,80
22655,捷星航空,NRT,20240113,220,310,630,81
24802,日本航空,NRT,20240113,1035,300,1435,82
24860,日本航空,NRT,20240113,1540,300,1940,83
24204,中華航空,NRT,20240113,1440,305,1845,84
25835,長榮航空,NRT,20240113,1520,300,1920,85
26651,STARLUX Airlines,NRT,20240113,1015,300,1415,86
26554,中華航空,NRT,20240113,1440,305,1845,87
28521,中華航空,NRT,20240113,1235,300,1635,88
34281,中華航空,NRT,20240113,1235,300,1635,89
42437,長榮航空,NRT,20240113,1520,300,1920,90
44066,長榮航空,NRT,20240113,1520,300,1920,91
44066,長榮航空,NRT,20240113,1520,300,1920,92
14579,國泰航空,NRT,20240114,1250,300,1650,93
16774,日本航空,NRT,20240114,1035,300,1435,94
13547,樂桃,NRT,20240114,225,305,630,95
14541,酷航,NRT,20240114,640,305,1045,96
15513,長榮航空,NRT,20240114,1520,300,1920,97
24192,中華航空,NRT,20240114,930,300,1330,98
26115,STARLUX Airlines,NRT,20240114,1015,300,1415,99
25577,中華航空,NRT,20240114,930,300,1330,100
26115,STARLUX Airlines,NRT,20240114,830,300,1230,101
23256,中華航空,NRT,20240114,1625,300,2025,102
24192,中華航空,NRT,20240114,1440,305,1845,103
22655,捷星日本,NRT,20240114,1250,305,1655,104
23977,日本航空,NRT,20240114,1540,300,1940,105
26115,STARLUX Airlines,NRT,20240114,1500,300,1900,106
24672,中華航空,NRT,20240114,1625,300,2025,107
21108,泰國獅子航空,NRT,20240114,1515,310,1925,108
25577,中華航空,NRT,20240114,1440,305,1845,109
27935,中華航空,NRT,20240114,1235,300,1635,110
27931,長榮航空,NRT,20240114,850,305,1255,111
27931,長榮航空,NRT,20240114,755,305,1200,112
33094,中華航空,NRT,20240114,1235,300,1635,113
41332,日本航空,NRT,20240114,1035,300,1435,114
13686,樂桃,NRT,20240115,935,305,1340,115
22937,STARLUX Airlines,NRT,20240115,1015,300,1415,116
20441,國泰航空,NRT,20240115,1250,300,1650,117
25040,中華航空,NRT,20240115,1235,300,1635,118
26115,STARLUX Airlines,NRT,20240115,830,300,1230,119
24192,中華航空,NRT,20240115,1440,305,1845,120
25577,中華航空,NRT,20240115,1235,300,1635,121
28521,中華航空,NRT,20240115,930,300,1330,122
22655,捷星日本,NRT,20240115,1250,305,1655,123
27931,長榮航空,NRT,20240115,850,305,1255,124
27931,長榮航空,NRT,20240115,755,305,1200,125
27931,長榮航空,NRT,20240115,850,305,1255,126
26115,STARLUX Airlines,NRT,20240115,1500,300,1900,127
25577,中華航空,NRT,20240115,1440,305,1845,128
21108,泰國獅子航空,NRT,20240115,1520,305,1925,129
27931,長榮航空,NRT,20240115,755,305,1200,130
28973,長榮航空,NRT,20240115,1520,300,1920,131
33094,中華航空,NRT,20240115,930,300,1330,132
48661,長榮航空,NRT,20240115,1520,300,1920,133
10301,國泰航空,NRT,20240116,1250,300,1650,134
13354,STARLUX Airlines,NRT,20240116,1500,300,1900,135
12910,樂桃,NRT,20240116,1655,305,2100,136
22937,STARLUX Airlines,NRT,20240116,1015,300,1415,137
23938,中華航空,NRT,20240116,930,300,1330,138
21332,長榮航空,NRT,20240116,1520,300,1920,139
24204,中華航空,NRT,20240116,1235,300,1635,140
24835,長榮航空,NRT,20240116,755,305,1200,141
24204,中華航空,NRT,20240116,1440,305,1845,142
22655,捷星航空,NRT,20240116,1250,305,1655,143
22574,長榮航空,NRT,20240116,1520,300,1920,144
26115,STARLUX Airlines,NRT,20240116,830,300,1230,145
26554,中華航空,NRT,20240116,1235,300,1635,146
26420,長榮航空,NRT,20240116,850,305,1255,147
26554,中華航空,NRT,20240116,1440,305,1845,148
30650,日本航空,NRT,20240116,1035,300,1435,149
30650,日本航空,NRT,20240116,1540,300,1940,150
34281,中華航空,NRT,20240116,930,300,1330,151
42437,長榮航空,NRT,20240116,755,305,1200,152
42437,長榮航空,NRT,20240116,850,305,1255,153
14591,國泰航空,NRT,20240117,1250,300,1650,154
14699,台灣虎航,NRT,20240117,1330,300,1730,155
13723,泰國獅子航空,NRT,20240117,1520,305,1925,156
21327,長榮航空,NRT,20240117,850,305,1255,157
12910,樂桃,NRT,20240117,1655,305,2100,158
22937,STARLUX Airlines,NRT,20240117,830,300,1230,159
22937,STARLUX Airlines,NRT,20240117,1015,300,1415,160
20647,酷航,NRT,20240117,640,305,1045,161
24192,中華航空,NRT,20240117,930,300,1330,162
23031,長榮航空,NRT,20240117,850,305,1255,163
20787,中華航空,NRT,20240117,1625,300,2025,164
20894,日本航空,NRT,20240117,1540,300,1940,165
24192,中華航空,NRT,20240117,1440,305,1845,166
22655,捷星日本,NRT,20240117,1250,305,1655,167
24672,中華航空,NRT,20240117,1625,300,2025,168
25577,中華航空,NRT,20240117,930,300,1330,169
25577,中華航空,NRT,20240117,1440,305,1845,170
27025,STARLUX Airlines,NRT,20240117,1500,300,1900,171
27931,長榮航空,NRT,20240117,1520,300,1920,172
27935,中華航空,NRT,20240117,1235,300,1635,173
27931,長榮航空,NRT,20240117,755,305,1200,174
30650,日本航空,NRT,20240117,1035,300,1435,175
31707,日本航空,NRT,20240117,1035,300,1435,176
14125,酷航,NRT,20240118,640,305,1045,177
14399,捷星日本,NRT,20240118,1250,305,1655,178
22297,STARLUX Airlines,NRT,20240118,1015,300,1415,179
20934,長榮航空,NRT,20240118,850,305,1255,180
12910,樂桃,NRT,20240118,1655,305,2100,181
21928,長榮航空,NRT,20240118,850,305,1255,182
20441,國泰航空,NRT,20240118,1250,300,1650,183
24587,中華航空,NRT,20240118,1235,300,1635,184
22297,STARLUX Airlines,NRT,20240118,1500,300,1900,185
20934,長榮航空,NRT,20240118,1520,300,1920,186
22022,捷星日本,NRT,20240118,220,310,630,187
21928,長榮航空,NRT,20240118,1520,300,1920,188
24587,中華航空,NRT,20240118,1440,305,1845,189
26554,中華航空,NRT,20240118,1235,300,1635,190
27116,STARLUX Airlines,NRT,20240118,830,300,1230,191
26554,中華航空,NRT,20240118,1440,305,1845,192
27702,中華航空,NRT,20240118,930,300,1330,193
28973,長榮航空,NRT,20240118,755,305,1200,194
31815,長榮航空,NRT,20240118,755,305,1200,195
29031,長榮航空,NRT,20240118,800,325,1225,196
39525,日本航空,NRT,20240118,1035,300,1435,197
40148,日本航空,NRT,20240118,1035,300,1435,198
42890,中華航空,NRT,20240118,930,300,1330,199
12189,捷星日本,NRT,20240119,1250,305,1655,200
12910,樂桃,NRT,20240119,225,305,630,201
12910,樂桃,NRT,20240119,935,305,1340,202
22280,STARLUX Airlines,NRT,20240119,1015,300,1415,203
13397,泰國獅子航空,NRT,20240119,1520,305,1925,204
12910,樂桃,NRT,20240119,1655,305,2100,205
20441,國泰航空,NRT,20240119,1250,300,1650,206
21069,酷航,NRT,20240119,640,305,1045,207
22280,STARLUX Airlines,NRT,20240119,1500,300,1900,208
27133,中華航空,NRT,20240119,930,300,1330,209
24182,長榮航空,NRT,20240119,850,305,1255,210
27133,中華航空,NRT,20240119,1235,300,1635,211
22005,捷星日本,NRT,20240119,220,310,630,212
27133,中華航空,NRT,20240119,1625,300,2025,213
27116,STARLUX Airlines,NRT,20240119,830,300,1230,214
27129,長榮航空,NRT,20240119,1520,300,1920,215
27129,長榮航空,NRT,20240119,755,305,1200,216
27133,中華航空,NRT,20240119,1440,305,1845,217
39717,日本航空,NRT,20240119,1035,300,1435,218
46980,長榮航空,NRT,20240119,755,305,1200,219
12910,樂桃,NRT,20240120,225,305,630,220
8610,樂桃,NRT,20240120,1655,305,2100,221
14290,捷星日本,NRT,20240120,1250,305,1655,222
11865,泰國獅子航空,NRT,20240120,1520,305,1925,223
15404,日本航空,NRT,20240120,1540,300,1940,224
16199,台灣虎航,NRT,20240120,1330,300,1730,225
22958,STARLUX Airlines,NRT,20240120,1015,300,1415,226
24851,中華航空,NRT,20240120,1235,300,1635,227
26138,STARLUX Airlines,NRT,20240120,830,300,1230,228
28547,中華航空,NRT,20240120,930,300,1330,229
22958,STARLUX Airlines,NRT,20240120,1500,300,1900,230
26278,中華航空,NRT,20240120,1235,300,1635,231
26932,長榮航空,NRT,20240120,755,305,1200,232
27955,長榮航空,NRT,20240120,850,305,1255,233
26559,中華航空,NRT,20240120,1440,305,1845,234
22675,捷星日本,NRT,20240120,220,310,630,235
27955,長榮航空,NRT,20240120,1520,300,1920,236
32435,國泰航空,NRT,20240120,1250,300,1650,237
33801,中華航空,NRT,20240120,1440,305,1845,238
43588,中華航空,NRT,20240120,930,300,1330,239
49984,長榮航空,NRT,20240120,755,305,1200,240
8062,泰國獅子航空,NRT,20240121,1515,310,1925,241
10989,捷星日本,NRT,20240121,1250,305,1655,242
12910,樂桃,NRT,20240121,225,305,630,243
16199,台灣虎航,NRT,20240121,635,300,1035,244
12910,樂桃,NRT,20240121,1655,305,2100,245
20441,國泰航空,NRT,20240121,1250,300,1650,246
26138,STARLUX Airlines,NRT,20240121,1015,300,1415,247
26138,STARLUX Airlines,NRT,20240121,830,300,1230,248
27960,中華航空,NRT,20240121,1235,300,1635,249
25977,中華航空,NRT,20240121,1440,305,1845,250
25008,中華航空,NRT,20240121,1625,300,2025,251
26138,STARLUX Airlines,NRT,20240121,1500,300,1900,252
27955,長榮航空,NRT,20240121,1520,300,1920,253
27960,中華航空,NRT,20240121,930,300,1330,254
27955,長榮航空,NRT,20240121,755,305,1200,255
27955,長榮航空,NRT,20240121,850,305,1255,256
30915,日本航空,NRT,20240121,1035,300,1435,257
39717,日本航空,NRT,20240121,1540,300,1940,258
43790,中華航空,NRT,20240121,1440,305,1845,259
10301,國泰航空,NRT,20240122,1250,300,1650,260
7891,泰國獅子航空,NRT,20240122,1520,305,1925,261
16342,STARLUX Airlines,NRT,20240122,1015,300,1415,262
12910,樂桃,NRT,20240122,225,305,630,263
17573,STARLUX Airlines,NRT,20240122,830,300,1230,264
14199,台灣虎航,NRT,20240122,1330,300,1730,265
22547,長榮航空,NRT,20240122,850,305,1255,266
20613,酷航,NRT,20240122,640,305,1045,267
22547,長榮航空,NRT,20240122,755,305,1200,268
22108,中華航空,NRT,20240122,1440,305,1845,269
22955,STARLUX Airlines,NRT,20240122,1500,300,1900,270
22271,長榮航空,NRT,20240122,1520,300,1920,271
26072,中華航空,NRT,20240122,1235,300,1635,272
22655,捷星日本,NRT,20240122,220,310,630,273
22655,捷星日本,NRT,20240122,1250,305,1655,274
23542,長榮航空,NRT,20240122,1520,300,1920,275
28521,中華航空,NRT,20240122,930,300,1330,276
29517,日本航空,NRT,20240122,1035,300,1435,277
42437,長榮航空,NRT,20240122,755,305,1200,278
42437,長榮航空,NRT,20240122,850,305,1255,279
43603,中華航空,NRT,20240122,1235,300,1635,280
43603,中華航空,NRT,20240122,1440,305,1845,281
10301,國泰航空,NRT,20240123,1250,300,1650,282
9489,捷星日本,NRT,20240123,1250,305,1655,283
14305,中華航空,NRT,20240123,1235,300,1635,284
11710,樂桃,NRT,20240123,950,305,1355,285
16174,中華航空,NRT,20240123,930,300,1330,286
12910,樂桃,NRT,20240123,225,305,630,287
17009,長榮航空,NRT,20240123,755,305,1200,288
18066,STARLUX Airlines,NRT,20240123,1015,300,1415,289
11710,樂桃,NRT,20240123,1655,305,2100,290
14497,台灣虎航,NRT,20240123,1330,300,1730,291
17009,長榮航空,NRT,20240123,1520,300,1920,292
19126,長榮航空,NRT,20240123,850,305,1255,293
20050,長榮航空,NRT,20240123,850,305,1255,294
20050,加拿大航空,NRT,20240123,850,305,1255,295
20050,加拿大航空,NRT,20240123,755,305,1200,296
22958,STARLUX Airlines,NRT,20240123,830,300,1230,297
20633,酷航,NRT,20240123,640,305,1045,298
22958,STARLUX Airlines,NRT,20240123,1500,300,1900,299
20050,長榮航空,NRT,20240123,1520,300,1920,300
22675,捷星日本,NRT,20240123,220,310,630,301
24024,日本航空,NRT,20240123,1035,300,1435,302
24824,日本航空,NRT,20240123,1035,300,1435,303
24834,中華航空,NRT,20240123,1440,305,1845,304
30665,長榮航空,NRT,20240123,850,305,1255,305
30665,長榮航空,NRT,20240123,755,305,1200,306
41177,日本航空,NRT,20240123,1540,300,1940,307
43790,中華航空,NRT,20240123,1235,300,1635,308
43790,中華航空,NRT,20240123,930,300,1330,309
11941,國泰航空,NRT,20240124,1250,300,1650,310
10662,捷星日本,NRT,20240124,1250,305,1655,311
12107,長榮航空,NRT,20240124,1520,300,1920,312
14359,長榮航空,NRT,20240124,755,305,1200,313
10164,泰國獅子航空,NRT,20240124,1520,305,1925,314
15708,長榮航空,NRT,20240124,850,305,1255,315
15071,長榮航空,NRT,20240124,755,305,1200,316
15569,中華航空,NRT,20240124,1235,300,1635,317
12910,樂桃,NRT,20240124,935,305,1340,318
16480,長榮航空,NRT,20240124,850,305,1255,319
12910,樂桃,NRT,20240124,225,305,630,320
14199,台灣虎航,NRT,20240124,635,300,1035,321
10610,樂桃,NRT,20240124,1655,305,2100,322
18187,中華航空,NRT,20240124,930,300,1330,323
15071,長榮航空,NRT,20240124,1520,300,1920,324
17902,中華航空,NRT,20240124,1235,300,1635,325
16619,中華航空,NRT,20240124,1625,300,2025,326
20655,STARLUX Airlines,NRT,20240124,1015,300,1415,327
21159,中華航空,NRT,20240124,930,300,1330,328
20618,酷航,NRT,20240124,640,305,1045,329
19109,中華航空,NRT,20240124,1625,300,2025,330
22231,STARLUX Airlines,NRT,20240124,1500,300,1900,331
22231,STARLUX Airlines,NRT,20240124,830,300,1230,332
21956,捷星日本,NRT,20240124,220,310,630,333
24065,中華航空,NRT,20240124,1440,305,1845,334
25446,中華航空,NRT,20240124,1440,305,1845,335
27292,日本航空,NRT,20240124,1035,300,1435,336
27292,日本航空,NRT,20240124,1540,300,1940,337
29545,長榮航空,NRT,20240124,850,305,1255,338
29545,長榮航空,NRT,20240124,755,305,1200,339
33226,日本航空,NRT,20240124,1035,300,1435,340
10301,國泰航空,NRT,20240125,1250,300,1650,341
9489,捷星日本,NRT,20240125,1250,305,1655,342
12401,酷航,NRT,20240125,640,305,1045,343
12449,長榮航空,NRT,20240125,1520,300,1920,344
11576,樂桃,NRT,20240125,935,305,1340,345
16550,STARLUX Airlines,NRT,20240125,830,300,1230,346
16187,長榮航空,NRT,20240125,850,305,1255,347
16188,長榮航空,NRT,20240125,755,305,1200,348
12910,樂桃,NRT,20240125,225,305,630,349
17155,中華航空,NRT,20240125,1235,300,1635,350
17017,長榮航空,NRT,20240125,850,305,1255,351
17017,長榮航空,NRT,20240125,755,305,1200,352
12910,樂桃,NRT,20240125,1655,305,2100,353
22168,STARLUX Airlines,NRT,20240125,1500,300,1900,354
22675,捷星日本,NRT,20240125,220,310,630,355
24039,中華航空,NRT,20240125,930,300,1330,356
30436,長榮航空,NRT,20240125,850,305,1255,357
30436,長榮航空,NRT,20240125,755,305,1200,358
41177,日本航空,NRT,20240125,1035,300,1435,359
42020,日本航空,NRT,20240125,1035,300,1435,360
44918,中華航空,NRT,20240125,1235,300,1635,361
44918,中華航空,NRT,20240125,1440,305,1845,362
9189,酷航,NRT,20240126,640,305,1045,363
9489,捷星日本,NRT,20240126,1250,305,1655,364
11957,酷航,NRT,20240126,640,305,1045,365
9489,捷星日本,NRT,20240126,220,310,630,366
12910,樂桃,NRT,20240126,935,305,1340,367
14810,日本航空,NRT,20240126,1540,300,1940,368
12910,樂桃,NRT,20240126,225,305,630,369
11866,泰國獅子航空,NRT,20240126,1520,305,1925,370
14199,台灣虎航,NRT,20240126,635,300,1035,371
16981,STARLUX Airlines,NRT,20240126,1500,300,1900,372
16191,長榮航空,NRT,20240126,1520,300,1920,373
19126,中華航空,NRT,20240126,1235,300,1635,374
11710,樂桃,NRT,20240126,1655,305,2100,375
22128,中華航空,NRT,20240126,930,300,1330,376
17017,長榮航空,NRT,20240126,1520,300,1920,377
22958,STARLUX Airlines,NRT,20240126,1015,300,1415,378
20441,國泰航空,NRT,20240126,1250,300,1650,379
22958,STARLUX Airlines,NRT,20240126,830,300,1230,380
21159,中華航空,NRT,20240126,1235,300,1635,381
22376,長榮航空,NRT,20240126,850,305,1255,382
22401,長榮航空,NRT,20240126,755,305,1200,383
22128,中華航空,NRT,20240126,1440,305,1845,384
23913,中華航空,NRT,20240126,1625,300,2025,385
23563,長榮航空,NRT,20240126,850,305,1255,386
23563,長榮航空,NRT,20240126,755,305,1200,387
24882,中華航空,NRT,20240126,930,300,1330,388
25282,中華航空,NRT,20240126,1625,300,2025,389
24882,中華航空,NRT,20240126,1440,305,1845,390
31017,日本航空,NRT,20240126,1035,300,1435,391
30513,長榮航空,NRT,20240126,850,305,1255,392
30737,長榮航空,NRT,20240126,755,305,1200,393
42015,日本航空,NRT,20240126,1035,300,1435,394
9575,捷星日本,NRT,20240127,1250,305,1655,395
11710,樂桃,NRT,20240127,225,305,630,396
11710,樂桃,NRT,20240127,935,305,1340,397
11199,台灣虎航,NRT,20240127,1330,300,1730,398
14199,台灣虎航,NRT,20240127,635,300,1035,399
10374,泰國獅子航空,NRT,20240127,1520,305,1925,400
10610,樂桃,NRT,20240127,1655,305,2100,401
22905,STARLUX Airlines,NRT,20240127,830,300,1230,402
22905,STARLUX Airlines,NRT,20240127,1015,300,1415,403
20629,酷航,NRT,20240127,640,305,1045,404
25709,長榮航空,NRT,20240127,755,305,1200,405
28547,中華航空,NRT,20240127,930,300,1330,406
28547,中華航空,NRT,20240127,1235,300,1635,407
25241,國泰航空,NRT,20240127,1250,300,1650,408
22675,捷星日本,NRT,20240127,220,310,630,409
26682,STARLUX Airlines,NRT,20240127,1500,300,1900,410
29762,長榮航空,NRT,20240127,1520,300,1920,411
29772,中華航空,NRT,20240127,1440,305,1845,412
33801,中華航空,NRT,20240127,1235,300,1635,413
33801,中華航空,NRT,20240127,930,300,1330,414
29916,長榮航空,NRT,20240127,850,325,1315,415
35601,日本航空,NRT,20240127,1540,300,1940,416
43083,日本航空,NRT,20240127,1035,300,1435,417
42121,長榮航空,NRT,20240127,850,305,1255,418
42437,長榮航空,NRT,20240127,755,305,1200,419
8574,酷航,NRT,20240128,640,305,1045,420
7146,泰國獅子航空,NRT,20240128,1515,310,1925,421
10301,國泰航空,NRT,20240128,1250,300,1650,422
9158,捷星日本,NRT,20240128,1250,305,1655,423
9510,樂桃,NRT,20240128,225,305,630,424
11078,中華航空,NRT,20240128,1440,305,1845,425
12486,STARLUX Airlines,NRT,20240128,830,300,1230,426
10419,捷星日本,NRT,20240128,220,310,630,427
11953,中華航空,NRT,20240128,1440,305,1845,428
13402,酷航,NRT,20240128,640,305,1045,429
11418,台灣虎航,NRT,20240128,635,300,1035,430
16156,STARLUX Airlines,NRT,20240128,1015,300,1415,431
9757,樂桃,NRT,20240128,1655,305,2100,432
12910,樂桃,NRT,20240128,935,305,1340,433
16156,STARLUX Airlines,NRT,20240128,1500,300,1900,434
17009,長榮航空,NRT,20240128,755,305,1200,435
14497,台灣虎航,NRT,20240128,1330,300,1730,436
16219,長榮航空,NRT,20240128,1520,300,1920,437
17017,長榮航空,NRT,20240128,1520,300,1920,438
20050,長榮航空,NRT,20240128,755,305,1200,439
22495,長榮航空,NRT,20240128,850,305,1255,440
23889,中華航空,NRT,20240128,1625,300,2025,441
23563,長榮航空,NRT,20240128,850,305,1255,442
24834,中華航空,NRT,20240128,1235,300,1635,443
25282,中華航空,NRT,20240128,1625,300,2025,444
26278,中華航空,NRT,20240128,1235,300,1635,445
26528,中華航空,NRT,20240128,1625,300,2025,446
28247,中華航空,NRT,20240128,930,300,1330,447
30357,長榮航空,NRT,20240128,755,305,1200,448
30513,長榮航空,NRT,20240128,850,305,1255,449
32196,日本航空,NRT,20240128,1540,300,1940,450
32196,日本航空,NRT,20240128,1035,300,1435,451
32652,日本航空,NRT,20240128,1540,300,1940,452
33801,中華航空,NRT,20240128,930,300,1330,453
36013,日本航空,NRT,20240128,1035,300,1435,454
8171,捷星日本,NRT,20240126,1250,305,1655,455
10207,STARLUX Airlines,NRT,20240126,1500,300,1900,456
10301,國泰航空,NRT,20240126,1250,300,1650,457
7871,泰國獅子航空,NRT,20240126,1520,305,1925,458
9359,捷星日本,NRT,20240126,220,310,630,459
10171,酷航,NRT,20240126,640,305,1045,460
9510,樂桃,NRT,20240126,225,305,630,461
10696,長榮航空,NRT,20240126,1520,300,1920,462
10299,台灣虎航,NRT,20240126,635,300,1035,463
11630,中華航空,NRT,20240126,1440,305,1845,464
10610,樂桃,NRT,20240126,935,305,1340,465
10299,台灣虎航,NRT,20240126,1330,300,1730,466
11257,長榮航空,NRT,20240126,1520,300,1920,467
14155,中華航空,NRT,20240126,930,300,1330,468
12638,中華航空,NRT,20240126,1440,305,1845,469
12445,日本航空,NRT,20240126,1540,300,1940,470
14155,中華航空,NRT,20240126,1235,300,1635,471
9510,樂桃,NRT,20240126,1655,305,2100,472
15074,日本航空,NRT,20240126,1035,300,1435,473
15546,日本航空,NRT,20240126,1035,300,1435,474
15667,中華航空,NRT,20240126,930,300,1330,475
15578,酷航,NRT,20240126,640,305,1045,476
16156,STARLUX Airlines,NRT,20240126,830,300,1230,477
15667,中華航空,NRT,20240126,1235,300,1635,478
16156,STARLUX Airlines,NRT,20240126,1015,300,1415,479
16204,長榮航空,NRT,20240126,850,305,1255,480
16210,長榮航空,NRT,20240126,755,305,1200,481
17017,長榮航空,NRT,20240126,755,305,1200,482
17017,長榮航空,NRT,20240126,850,305,1255,483
21934,日本航空,NRT,20240126,1540,300,1940,484
30513,長榮航空,NRT,20240126,755,305,1200,485
30513,長榮航空,NRT,20240126,850,305,1255,486
6080,酷航,NRT,20240130,640,305,1045,487
7289,捷星日本,NRT,20240130,1250,305,1655,488
7152,捷星日本,NRT,20240130,220,310,630,489
8498,台灣虎航,NRT,20240130,635,300,1035,490
10121,國泰航空,NRT,20240130,1250,300,1650,491
11136,酷航,NRT,20240130,640,305,1045,492
10207,STARLUX Airlines,NRT,20240130,1500,300,1900,493
10286,中華航空,NRT,20240130,1440,305,1845,494
11630,中華航空,NRT,20240130,1235,300,1635,495
11936,長榮航空,NRT,20240130,850,305,1255,496
11934,長榮航空,NRT,20240130,755,305,1200,497
12486,STARLUX Airlines,NRT,20240130,830,300,1230,498
9510,樂桃,NRT,20240130,950,305,1355,499
10696,長榮航空,NRT,20240130,1520,300,1920,500
9510,樂桃,NRT,20240130,225,305,630,501
7710,樂桃,NRT,20240130,1655,305,2100,502
11225,中華航空,NRT,20240130,1440,305,1845,503
13110,STARLUX Airlines,NRT,20240130,1015,300,1415,504
12576,長榮航空,NRT,20240130,850,305,1255,505
12638,中華航空,NRT,20240130,1235,300,1635,506
12576,長榮航空,NRT,20240130,755,305,1200,507
11257,長榮航空,NRT,20240130,1520,300,1920,508
10513,台灣虎航,NRT,20240130,1330,300,1730,509
12355,日本航空,NRT,20240130,1540,300,1940,510
14097,中華航空,NRT,20240130,930,300,1330,511
14582,日本航空,NRT,20240130,1035,300,1435,512
15057,日本航空,NRT,20240130,1035,300,1435,513
15667,中華航空,NRT,20240130,930,300,1330,514
21934,日本航空,NRT,20240130,1540,300,1940,515
30505,長榮航空,NRT,20240130,755,305,1200,516
30505,長榮航空,NRT,20240130,850,305,1255,517
6080,酷航,NRT,20240131,640,305,1045,518
7289,捷星日本,NRT,20240131,1250,305,1655,519
7289,捷星日本,NRT,20240131,220,310,630,520
7899,台灣虎航,NRT,20240131,635,300,1035,521
10696,STARLUX Airlines,NRT,20240131,830,300,1230,522
11136,酷航,NRT,20240131,640,305,1045,523
10295,國泰航空,NRT,20240131,1250,300,1650,524
8610,樂桃,NRT,20240131,935,305,1340,525
8498,台灣虎航,NRT,20240131,1330,300,1730,526
8610,樂桃,NRT,20240131,225,305,630,527
6910,樂桃,NRT,20240131,1655,305,2100,528
10403,中華航空,NRT,20240131,1440,305,1845,529
10313,中華航空,NRT,20240131,1625,300,2025,530
10671,長榮航空,NRT,20240131,1520,300,1920,531
14097,中華航空,NRT,20240131,930,300,1330,532
12486,STARLUX Airlines,NRT,20240131,1500,300,1900,533
11257,長榮航空,NRT,20240131,1520,300,1920,534
14487,STARLUX Airlines,NRT,20240131,1015,300,1415,535
14575,日本航空,NRT,20240131,1035,300,1435,536
14097,中華航空,NRT,20240131,1235,300,1635,537
12448,日本航空,NRT,20240131,1540,300,1940,538
13806,泰國獅子航空,NRT,20240131,1520,305,1925,539
15057,日本航空,NRT,20240131,1035,300,1435,540
14828,長榮航空,NRT,20240131,755,305,1200,541
15564,長榮航空,NRT,20240131,755,305,1200,542
16016,長榮航空,NRT,20240131,850,305,1255,543
17017,長榮航空,NRT,20240131,850,305,1255,544
21926,日本航空,NRT,20240131,1540,300,1940,545
24025,中華航空,NRT,20240131,930,300,1330,546
24025,中華航空,NRT,20240131,1235,300,1635,547
24037,中華航空,NRT,20240131,1440,300,1840,548
24366,中華航空,NRT,20240131,1625,300,2025,549
17017,長榮航空,NRT,20240131,850,305,1255,550
21926,日本航空,NRT,20240131,1540,300,1940,551
24025,中華航空,NRT,20240131,930,300,1330,552
24025,中華航空,NRT,20240131,1235,300,1635,553
24037,中華航空,NRT,20240131,1625,300,2025,554
24025,中華航空,NRT,20240131,1440,305,1845,555
30505,長榮航空,NRT,20240131,850,305,1255,556
30505,長榮航空,NRT,20240131,755,305,1200,557
7206,捷星日本,NRT,20240201,1250,305,1655,558
6910,樂桃,NRT,20240201,225,305,630,559
8574,酷航,NRT,20240201,640,305,1045,560
8104,捷星日本,NRT,20240201,220,310,630,561
8610,樂桃,NRT,20240201,935,305,1340,562
6910,樂桃,NRT,20240201,1655,305,2100,563
10403,中華航空,NRT,20240201,1440,305,1845,564
12429,中華航空,NRT,20240201,930,300,1330,565
11691,中華航空,NRT,20240201,1235,300,1635,566
12360,長榮航空,NRT,20240201,850,305,1255,567
13110,STARLUX Airlines,NRT,20240201,1015,300,1415,568
13402,酷航,NRT,20240201,640,305,1045,569
11468,長榮航空,NRT,20240201,1520,300,1920,570
12486,STARLUX Airlines,NRT,20240201,1500,300,1900,571
11418,台灣虎航,NRT,20240201,635,300,1035,572
12455,日本航空,NRT,20240201,1540,300,1940,573
10513,台灣虎航,NRT,20240201,1330,300,1730,574
14904,長榮航空,NRT,20240201,850,305,1255,575
16156,STARLUX Airlines,NRT,20240201,830,300,1230,576
12576,長榮航空,NRT,20240201,1520,300,1920,577
16406,日本航空,NRT,20240201,1035,300,1435,578
16219,長榮航空,NRT,20240201,755,305,1200,579
17008,日本航空,NRT,20240201,1035,300,1435,580
17017,長榮航空,NRT,20240201,755,305,1200,581
20441,國泰航空,NRT,20240201,1250,300,1650,582
21934,日本航空,NRT,20240201,1540,300,1940,583
24039,中華航空,NRT,20240201,1235,300,1635,584
24039,中華航空,NRT,20240201,1440,305,1845,585
30464,長榮航空,NRT,20240201,755,305,1200,586
30464,長榮航空,NRT,20240201,850,305,1255,587
46533,中華航空,NRT,20240201,930,300,1330,588
6986,酷航,NRT,20240202,640,305,1045,589
7160,捷星日本,NRT,20240202,220,310,630,590
7798,捷星日本,NRT,20240202,1250,305,1655,591
6910,樂桃,NRT,20240202,1655,305,2100,592
8610,樂桃,NRT,20240202,935,305,1340,593
11078,中華航空,NRT,20240202,1235,300,1635,594
12042,酷航,NRT,20240202,640,305,1045,595
10405,中華航空,NRT,20240202,1625,300,2025,596
11944,長榮航空,NRT,20240202,850,305,1255,597
11930,長榮航空,NRT,20240202,755,305,1200,598
12429,中華航空,NRT,20240202,930,300,1330,599
11078,中華航空,NRT,20240202,1440,305,1845,600
11953,中華航空,NRT,20240202,1235,300,1635,601
11935,國泰航空,NRT,20240202,1250,300,1650,602
10513,台灣虎航,NRT,20240202,635,300,1035,603
11225,中華航空,NRT,20240202,1625,300,2025,604
11953,中華航空,NRT,20240202,1440,305,1845,605
13806,中華航空,NRT,20240202,930,300,1330,606
13248,長榮航空,NRT,20240202,850,305,1255,607
12486,STARLUX Airlines,NRT,20240202,1500,300,1900,608
13248,長榮航空,NRT,20240202,755,305,1200,609
9284,泰國獅子航空,NRT,20240202,1520,305,1925,610
10513,台灣虎航,NRT,20240202,1330,300,1730,611
11928,長榮航空,NRT,20240202,1520,300,1920,612
12445,日本航空,NRT,20240202,1550,300,1950,613
16156,STARLUX Airlines,NRT,20240202,830,300,1230,614
16156,STARLUX Airlines,NRT,20240202,1015,300,1415,615
18278,日本航空,NRT,20240202,1035,300,1435,616
19943,日本航空,NRT,20240202,1035,300,1435,617
21934,日本航空,NRT,20240202,1550,300,1950,618
30513,長榮航空,NRT,20240202,1520,300,1920,619
30513,長榮航空,NRT,20240202,755,305,1200,620
30647,長榮航空,NRT,20240202,850,305,1255,621
8289,捷星日本,NRT,20240203,220,310,630,622
8269,捷星日本,NRT,20240203,1250,305,1655,623
10208,國泰航空,NRT,20240203,1250,300,1650,624
10171,酷航,NRT,20240203,640,305,1045,625
9510,樂桃,NRT,20240203,225,305,630,626
9510,樂桃,NRT,20240203,935,305,1340,627
9510,樂桃,NRT,20240203,1655,305,2100,628
8062,泰國獅子航空,NRT,20240203,1520,305,1925,629
7710,樂桃,NRT,20240203,1655,305,2100,630
14828,長榮航空,NRT,20240203,755,305,1200,631
15578,酷航,NRT,20240203,640,305,1045,632
16912,中華航空,NRT,20240203,930,300,1330,633
16134,長榮航空,NRT,20240203,850,305,1255,634
16174,中華航空,NRT,20240203,1235,300,1635,635
14155,中華航空,NRT,20240203,1440,305,1845,636
15564,長榮航空,NRT,20240203,755,305,1200,637
14909,台灣虎航,NRT,20240203,635,300,1035,638
13817,日本航空,NRT,20240203,1550,300,1950,639
17017,長榮航空,NRT,20240203,850,305,1255,640
14199,台灣虎航,NRT,20240203,1330,300,1730,641
16136,長榮航空,NRT,20240203,1520,300,1920,642
17017,長榮航空,NRT,20240203,1520,300,1920,643
21639,STARLUX Airlines,NRT,20240203,1015,300,1415,644
21639,STARLUX Airlines,NRT,20240203,1500,300,1900,645
21934,日本航空,NRT,20240203,1550,300,1950,646
22071,STARLUX Airlines,NRT,20240203,830,300,1230,647
22617,日本航空,NRT,20240203,1035,300,1435,648
24025,中華航空,NRT,20240203,1235,300,1635,649
24283,中華航空,NRT,20240203,930,300,1330,650
24025,中華航空,NRT,20240203,1440,305,1845,651
24824,日本航空,NRT,20240203,1035,300,1435,652
30505,長榮航空,NRT,20240203,755,305,1200,653
30505,長榮航空,NRT,20240203,850,305,1255,654
6986,酷航,NRT,20240204,640,305,1045,655
7289,捷星日本,NRT,20240204,1250,305,1655,656
8386,日本航空,NRT,20240204,1540,300,1940,657
7289,捷星日本,NRT,20240204,220,310,630,658
8299,台灣虎航,NRT,20240204,635,300,1035,659
10219,國泰航空,NRT,20240204,1250,300,1650,660
10916,STARLUX Airlines,NRT,20240204,830,300,1230,661
11004,中華航空,NRT,20240204,1235,300,1635,662
10714,長榮航空,NRT,20240204,755,305,1200,663
10859,STARLUX Airlines,NRT,20240204,1500,300,1900,664
11706,中華航空,NRT,20240204,930,300,1330,665
9510,樂桃,NRT,20240204,935,305,1340,666
11953,中華航空,NRT,20240204,1235,300,1635,667
12042,酷航,NRT,20240204,640,305,1045,668
11924,長榮航空,NRT,20240204,850,305,1255,669
11078,中華航空,NRT,20240204,1625,300,2025,670
12638,中華航空,NRT,20240204,930,300,1330,671
11706,中華航空,NRT,20240204,1440,305,1845,672
9025,泰國獅子航空,NRT,20240204,1515,310,1925,673
12065,長榮航空,NRT,20240204,755,305,1200,674
11953,中華航空,NRT,20240204,1625,300,2025,675
12638,中華航空,NRT,20240204,1440,305,1845,676
11941,長榮航空,NRT,20240204,1520,300,1920,677
8610,樂桃,NRT,20240204,1655,305,2100,678
11199,台灣虎航,NRT,20240204,1330,300,1730,679
13110,STARLUX Airlines,NRT,20240204,1015,300,1415,680
13248,長榮航空,NRT,20240204,850,305,1255,681
21934,日本航空,NRT,20240204,1540,300,1940,682
23662,日本航空,NRT,20240204,1035,300,1435,683
24824,日本航空,NRT,20240204,1035,300,1435,684
30513,長榮航空,NRT,20240204,1520,300,1920,685
30505,長榮航空,NRT,20240204,850,305,1255,686
30505,長榮航空,NRT,20240204,755,305,1200,687
6980,酷航,NRT,20240205,640,305,1045,688
8350,日本航空,NRT,20240205,1540,300,1940,689
7234,捷星日本,NRT,20240205,220,310,630,690
9616,STARLUX Airlines,NRT,20240205,1015,300,1415,691
8262,捷星日本,NRT,20240205,1250,305,1655,692
7710,樂桃,NRT,20240205,935,305,1340,693
10217,STARLUX Airlines,NRT,20240205,830,300,1230,694
10153,國泰航空,NRT,20240205,1250,300,1650,695
10268,中華航空,NRT,20240205,1235,300,1635,696
7710,樂桃,NRT,20240205,225,305,630,697
7871,泰國獅子航空,NRT,20240205,1520,305,1925,698
11053,中華航空,NRT,20240205,930,300,1330,699
11225,中華航空,NRT,20240205,1235,300,1635,700
10690,中華航空,NRT,20240205,1440,305,1845,701
10859,STARLUX Airlines,NRT,20240205,1500,300,1900,702
11953,中華航空,NRT,20240205,930,300,1330,703
12031,酷航,NRT,20240205,640,305,1045,704
11939,長榮航空,NRT,20240205,850,305,1255,705
7710,樂桃,NRT,20240205,1655,305,2100,706
11928,長榮航空,NRT,20240205,755,305,1200,707
12485,日本航空,NRT,20240205,1035,300,1435,708
11633,中華航空,NRT,20240205,1440,305,1845,709
10513,台灣虎航,NRT,20240205,1330,300,1730,710
11920,長榮航空,NRT,20240205,1520,300,1920,711
11418,台灣虎航,NRT,20240205,635,300,1035,712
13054,日本航空,NRT,20240205,1035,300,1435,713
12736,長榮航空,NRT,20240205,850,305,1255,714
12736,長榮航空,NRT,20240205,755,305,1200,715
21934,日本航空,NRT,20240205,1540,300,1940,716
30662,長榮航空,NRT,20240205,1520,300,1920,717
30436,長榮航空,NRT,20240205,755,305,1200,718
30436,長榮航空,NRT,20240205,850,305,1255,719
10217,STARLUX Airlines,NRT,20240206,1015,300,1415,720
8262,捷星日本,NRT,20240206,1250,305,1655,721
8567,酷航,NRT,20240206,640,305,1045,722
8262,捷星日本,NRT,20240206,220,310,630,723
8299,台灣虎航,NRT,20240206,1330,300,1730,724
10217,STARLUX Airlines,NRT,20240206,1500,300,1900,725
10776,中華航空,NRT,20240206,1235,300,1635,726
8610,樂桃,NRT,20240206,950,305,1355,727
7710,樂桃,NRT,20240206,1655,305,2100,728
11912,長榮航空,NRT,20240206,850,305,1255,729
11909,長榮航空,NRT,20240206,755,305,1200,730
12408,中華航空,NRT,20240206,930,300,1330,731
10687,長榮航空,NRT,20240206,1520,300,1920,732
10299,台灣虎航,NRT,20240206,635,300,1035,733
12565,長榮航空,NRT,20240206,850,305,1255,734
13390,酷航,NRT,20240206,640,305,1045,735
12565,長榮航空,NRT,20240206,755,305,1200,736
11247,長榮航空,NRT,20240206,1520,300,1920,737
13218,國泰航空,NRT,20240206,1250,300,1650,738
12474,日本航空,NRT,20240206,1550,300,1950,739
14084,中華航空,NRT,20240206,1440,305,1845,740
18262,日本航空,NRT,20240206,1035,300,1435,741
18988,日本航空,NRT,20240206,1035,300,1435,742
21310,STARLUX Airlines,NRT,20240206,830,300,1230,743
21934,日本航空,NRT,20240206,1550,300,1950,744
24018,中華航空,NRT,20240206,1235,300,1635,745
24018,中華航空,NRT,20240206,930,300,1330,746
24018,中華航空,NRT,20240206,1440,305,1845,747
8610,樂桃,NRT,20240207,935,305,1340,748
9289,捷星日本,NRT,20240207,1250,305,1655,749
8814,捷星日本,NRT,20240207,220,310,630,750
11001,中華航空,NRT,20240207,1625,300,2025,751
10299,台灣虎航,NRT,20240207,635,300,1035,752
12128,STARLUX Airlines,NRT,20240207,1500,300,1900,753
12016,中華航空,NRT,20240207,1440,305,1845,754
8610,樂桃,NRT,20240207,1655,305,2100,755
10299,台灣虎航,NRT,20240207,1330,300,1730,756
12247,長榮航空,NRT,20240207,1520,300,1920,757
15191,長榮航空,NRT,20240207,850,305,1255,758
15191,長榮航空,NRT,20240207,755,305,1200,759
15823,中華航空,NRT,20240207,930,300,1330,760
15191,中華航空,NRT,20240207,1235,300,1635,761
16301,國泰航空,NRT,20240207,1250,300,1650,762
18442,STARLUX Airlines,NRT,20240207,830,300,1230,763
18533,STARLUX Airlines,NRT,20240207,1015,300,1415,764
16151,日本航空,NRT,20240207,1540,300,1940,765
24070,日本航空,NRT,20240207,1035,300,1435,766
24802,日本航空,NRT,20240207,1035,300,1435,767
22123,日本航空,NRT,20240207,1540,300,1940,768
24058,中華航空,NRT,20240207,1440,305,1845,769
24371,中華航空,NRT,20240207,1625,300,2025,770
21108,泰國獅子航空,NRT,20240207,1520,305,1925,771
8610,樂桃,NRT,20240208,1655,305,2100,772
13426,STARLUX Airlines,NRT,20240208,1500,300,1900,773
13967,中華航空,NRT,20240208,1440,305,1845,774
11710,樂桃,NRT,20240208,225,305,630,775
14155,長榮航空,NRT,20240208,1520,300,1920,776
17627,STARLUX Airlines,NRT,20240208,1015,300,1415,777
16301,國泰航空,NRT,20240208,1250,300,1650,778
15527,中華航空,NRT,20240208,1440,305,1845,779
17102,中華航空,NRT,20240208,1235,300,1635,780
14859,長榮航空,NRT,20240208,1520,300,1920,781
18925,中華航空,NRT,20240208,1235,300,1635,782
17520,日本航空,NRT,20240208,1550,300,1950,783
21993,中華航空,NRT,20240208,930,300,1330,784
21898,長榮航空,NRT,20240208,850,305,1255,785
18606,捷星日本,NRT,20240208,220,310,630,786
23033,長榮航空,NRT,20240208,850,305,1255,787
17470,樂桃,NRT,20240208,935,305,1340,788
23662,日本航空,NRT,20240208,1035,300,1435,789
24320,中華航空,NRT,20240208,930,300,1330,790
25411,STARLUX Airlines,NRT,20240208,830,300,1230,791
18606,捷星日本,NRT,20240208,1250,305,1655,792
25698,長榮航空,NRT,20240208,755,305,1200,793
26905,長榮航空,NRT,20240208,755,305,1200,794
22691,日本航空,NRT,20240208,1550,300,1950,795
9289,捷星航空,NRT,20240209,1250,305,1655,796
7710,樂桃,NRT,20240209,1655,305,2100,797
12314,STARLUX Airlines,NRT,20240209,1500,300,1900,798
14053,STARLUX Airlines,NRT,20240209,830,300,1230,799
10610,樂桃,NRT,20240209,935,305,1340,800
10299,台灣虎航,NRT,20240209,1330,300,1730,801
10610,樂桃,NRT,20240209,225,305,630,802
14644,中華航空,NRT,20240209,930,300,1330,803
14246,中華航空,NRT,20240209,1235,300,1635,804
14716,長榮航空,NRT,20240209,850,305,1255,805
14721,長榮航空,NRT,20240209,755,305,1200,806
13138,中華航空,NRT,20240209,1625,300,2025,807
16225,中華航空,NRT,20240209,930,300,1330,808
13569,日本航空,NRT,20240209,1550,300,1950,809
14942,國泰航空,NRT,20240209,1250,300,1650,810
15510,長榮航空,NRT,20240209,755,305,1200,811
14246,中華航空,NRT,20240209,1440,305,1845,812
15852,中華航空,NRT,20240209,1235,300,1635,813
14199,台灣虎航,NRT,20240209,635,300,1035,814
14143,長榮航空,NRT,20240209,1520,300,1920,815
14644,中華航空,NRT,20240209,1625,300,2025,816
15852,中華航空,NRT,20240209,1440,305,1845,817
17921,長榮航空,NRT,20240209,850,305,1255,818
14846,長榮航空,NRT,20240209,1520,300,1920,819
18589,捷星航空,NRT,20240209,220,310,630,820
21108,泰國獅子航空,NRT,20240209,1520,305,1925,821
21722,STARLUX Airlines,NRT,20240209,1015,300,1415,822
22691,日本航空,NRT,20240209,1550,300,1950,823
44227,日本航空,NRT,20240209,1035,300,1435,824
13770,STARLUX Airlines,NRT,20240210,1015,300,1415,825
10610,樂桃,NRT,20240210,935,305,1340,826
10610,樂桃,NRT,20240210,225,305,630,827
13920,國泰航空,NRT,20240210,1250,300,1650,828
8610,樂桃,NRT,20240210,1655,305,2100,829
13147,STARLUX Airlines,NRT,20240210,1500,300,1900,830
14246,中華航空,NRT,20240210,1235,300,1635,831
15317,中華航空,NRT,20240210,930,300,1330,832
12901,日本航空,NRT,20240210,1550,300,1950,833
14541,酷航,NRT,20240210,640,305,1045,834
13967,長榮航空,NRT,20240210,1520,300,1920,835
15317,中華航空,NRT,20240210,1440,305,1845,836
14199,台灣虎航,NRT,20240210,1330,300,1730,837
22617,日本航空,NRT,20240210,1035,300,1435,838
18606,捷星航空,NRT,20240210,1250,305,1655,839
24128,長榮航空,NRT,20240210,850,305,1255,840
25389,STARLUX Airlines,NRT,20240210,830,300,1230,841
23993,中華航空,NRT,20240210,1235,300,1635,842
25676,長榮航空,NRT,20240210,755,305,1200,843
22691,日本航空,NRT,20240210,1550,300,1950,844
23993,中華航空,NRT,20240210,1440,305,1845,845
21108,泰國獅子航空,NRT,20240210,1520,305,1925,846
45618,日本航空,NRT,20240210,1035,300,1435,847
8661,捷星日本,NRT,20240211,1250,305,1655,848
7710,樂桃,NRT,20240211,225,305,630,849
8598,台灣虎航,NRT,20240211,1330,300,1730,850
8610,樂桃,NRT,20240211,935,305,1340,851
9861,捷星日本,NRT,20240211,220,310,630,852
7710,樂桃,NRT,20240211,1655,305,2100,853
11545,STARLUX Airlines,NRT,20240211,1500,300,1900,854
10513,台灣虎航,NRT,20240211,635,300,1035,855
11399,中華航空,NRT,20240211,1625,300,2025,856
12076,中華航空,NRT,20240211,1440,305,1845,857
12318,中華航空,NRT,20240211,1625,300,2025,858
13579,國泰航空,NRT,20240211,1250,300,1650,859
13385,中華航空,NRT,20240211,1440,305,1845,860
13043,日本航空,NRT,20240211,1540,300,1940,861
12879,長榮航空,NRT,20240211,1520,300,1920,862
10384,泰國獅子航空,NRT,20240211,1515,310,1925,863
15191,長榮航空,NRT,20240211,850,305,1255,864
13529,長榮航空,NRT,20240211,1520,300,1920,865
15823,長榮航空,NRT,20240211,755,305,1200,866
15949,長榮航空,NRT,20240211,850,305,1255,867
14541,酷航,NRT,20240211,640,305,1045,868
17217,中華航空,NRT,20240211,1235,300,1635,869
16603,長榮航空,NRT,20240211,755,305,1200,870
19065,中華航空,NRT,20240211,1235,300,1635,871
20059,STARLUX Airlines,NRT,20240211,1015,300,1415,872
20059,STARLUX Airlines,NRT,20240211,830,300,1230,873
22123,日本航空,NRT,20240211,1540,300,1940,874
23641,日本航空,NRT,20240211,1035,300,1435,875
24802,日本航空,NRT,20240211,1035,300,1435,876
28521,中華航空,NRT,20240211,930,300,1330,877
43686,中華航空,NRT,20240211,930,300,1330,878
6910,樂桃,NRT,20240212,225,305,630,879
8567,酷航,NRT,20240212,640,305,1045,880
8342,捷星日本,NRT,20240212,220,310,630,881
9559,捷星日本,NRT,20240212,1250,305,1655,882
9510,樂桃,NRT,20240212,935,305,1340,883
10513,台灣虎航,NRT,20240212,635,300,1035,884
12475,STARLUX Airlines,NRT,20240212,1500,300,1900,885
10513,台灣虎航,NRT,20240212,1330,300,1730,886
14815,長榮航空,NRT,20240212,850,305,1255,887
9510,樂桃,NRT,20240212,1655,305,2100,888
14801,長榮航空,NRT,20240212,755,305,1200,889
14084,中華航空,NRT,20240212,1440,305,1845,890
14752,國泰航空,NRT,20240212,1250,300,1650,891
15550,長榮航空,NRT,20240212,850,305,1255,892
15550,長榮航空,NRT,20240212,755,305,1200,893
14183,長榮航空,NRT,20240212,1520,300,1920,894
14798,日本航空,NRT,20240212,1540,300,1940,895
16180,中華航空,NRT,20240212,1235,300,1635,896
15667,中華航空,NRT,20240212,1440,305,1845,897
18262,日本航空,NRT,20240212,1035,300,1435,898
14891,長榮航空,NRT,20240212,1520,300,1920,899
18988,日本航空,NRT,20240212,1035,300,1435,900
19109,中華航空,NRT,20240212,1235,300,1635,901
21310,STARLUX Airlines,NRT,20240212,1015,300,1415,902
21108,泰國獅子航空,NRT,20240212,1520,305,1925,903
22220,中華航空,NRT,20240212,930,300,1330,904
24882,中華航空,NRT,20240212,930,300,1330,905
32596,STARLUX Airlines,NRT,20240212,830,300,1230,906
32652,日本航空,NRT,20240212,1540,300,1940,907
6075,酷航,NRT,20240213,640,305,1045,908
7424,捷星日本,NRT,20240213,1250,305,1655,909
7424,捷星日本,NRT,20240213,220,310,630,910
6910,樂桃,NRT,20240213,225,305,630,911
7599,台灣虎航,NRT,20240213,1330,300,1730,912
7710,樂桃,NRT,20240213,950,305,1355,913
8598,台灣虎航,NRT,20240213,635,300,1035,914
10243,國泰航空,NRT,20240213,1250,300,1650,915
6910,樂桃,NRT,20240213,1655,305,2100,916
10667,中華航空,NRT,20240213,1440,305,1845,917
12445,日本航空,NRT,20240213,1035,300,1435,918
10655,長榮航空,NRT,20240213,1520,300,1920,919
12937,中華航空,NRT,20240213,930,300,1330,920
12910,日本航空,NRT,20240213,1035,300,1435,921
11545,中華航空,NRT,20240213,1440,305,1845,922
12686,中華航空,NRT,20240213,1235,300,1635,923
11247,長榮航空,NRT,20240213,1520,300,1920,924
12688,STARLUX Airlines,NRT,20240213,1500,300,1900,925
14183,長榮航空,NRT,20240213,850,305,1255,926
12445,日本航空,NRT,20240213,1550,300,1950,927
14695,STARLUX Airlines,NRT,20240213,1015,300,1415,928
14223,中華航空,NRT,20240213,1235,300,1635,929
14877,中華航空,NRT,20240213,930,300,1330,930
14801,長榮航空,NRT,20240213,755,305,1200,931
14891,長榮航空,NRT,20240213,850,305,1255,932
15550,長榮航空,NRT,20240213,755,305,1200,933
21310,STARLUX Airlines,NRT,20240213,830,300,1230,934
21745,日本航空,NRT,20240213,1550,300,1950,935
5388,酷航,NRT,20240214,640,305,1045,936
5684,捷星日本,NRT,20240214,1250,305,1655,937
5684,捷星日本,NRT,20240214,220,310,630,938
4910,樂桃,NRT,20240214,1655,305,2100,939
6110,樂桃,NRT,20240214,225,305,630,940
6505,台灣虎航,NRT,20240214,1330,300,1730,941
6910,樂桃,NRT,20240214,935,305,1340,942
6167,泰國獅子航空,NRT,20240214,1520,305,1925,943
7599,台灣虎航,NRT,20240214,635,300,1035,944
8386,日本航空,NRT,20240214,1540,300,1940,945
8728,中華航空,NRT,20240214,1625,300,2025,946
10691,中華航空,NRT,20240214,930,300,1330,947
9996,中華航空,NRT,20240214,1235,300,1635,948
9381,中華航空,NRT,20240214,1440,305,1845,949
10916,STARLUX Airlines,NRT,20240214,830,300,1230,950
10956,長榮航空,NRT,20240214,850,305,1255,951
9609,STARLUX Airlines,NRT,20240214,1500,300,1900,952
10956,長榮航空,NRT,20240214,755,305,1200,953
11042,日本航空,NRT,20240214,1035,300,1435,954
10202,國泰航空,NRT,20240214,1250,300,1650,955
9398,中華航空,NRT,20240214,1625,300,2025,956
10812,中華航空,NRT,20240214,1235,300,1635,957
10127,中華航空,NRT,20240214,1440,305,1845,958
4026,酷航,NRT,20240215,640,305,1045,959
4965,捷星日本,NRT,20240215,1250,305,1655,960
4910,樂桃,NRT,20240215,935,305,1340,961
5063,捷星日本,NRT,20240215,220,310,630,962
4910,樂桃,NRT,20240215,225,305,630,963
5799,台灣虎航,NRT,20240215,635,300,1035,964
4510,樂桃,NRT,20240215,1655,305,2100,965
7025,中華航空,NRT,20240215,1440,305,1845,966
5799,台灣虎航,NRT,20240215,1330,300,1730,967
7524,中華航空,NRT,20240215,1440,305,1845,968
10064,STARLUX Airlines,NRT,20240215,830,300,1230,969
9381,中華航空,NRT,20240215,1235,300,1635,970
10676,中華航空,NRT,20240215,930,300,1330,971
10859,STARLUX Airlines,NRT,20240215,1015,300,1415,972
10127,中華航空,NRT,20240215,1235,300,1635,973
11042,日本航空,NRT,20240215,1035,300,1435,974
9616,STARLUX Airlines,NRT,20240215,1500,300,1900,975
11359,日本航空,NRT,20240215,1035,300,1435,976
10153,國泰航空,NRT,20240215,1250,300,1650,977
11293,長榮航空,NRT,20240215,755,305,1200,978
11545,中華航空,NRT,20240215,930,300,1330,979
11424,長榮航空,NRT,20240215,850,305,1255,980
9678,長榮航空,NRT,20240215,1520,300,1920,981
10239,長榮航空,NRT,20240215,1520,300,1920,982
11042,日本航空,NRT,20240215,1550,300,1950,983
13488,長榮航空,NRT,20240215,755,305,1200,984
13488,長榮航空,NRT,20240215,850,305,1255,985
21745,日本航空,NRT,20240215,1550,300,1950,986
30485,長榮航空,NRT,20240215,850,305,1255,987
30485,長榮航空,NRT,20240215,755,305,1200,988
30485,長榮航空,NRT,20240215,755,305,1200,989
4035,酷航,NRT,20240216,640,305,1045,990
4789,捷星日本,NRT,20240216,1250,305,1655,991
3710,樂桃,NRT,20240216,1655,305,2100,992
4789,捷星日本,NRT,20240216,220,310,630,993
4910,樂桃,NRT,20240216,935,305,1340,994
4910,樂桃,NRT,20240216,225,305,630,995
4982,台灣虎航,NRT,20240216,1330,300,1730,996
5992,台灣虎航,NRT,20240216,635,300,1035,997
7041,中華航空,NRT,20240216,1440,305,1845,998
7524,中華航空,NRT,20240216,1440,305,1845,999
8514,STARLUX Airlines,NRT,20240216,1500,300,1900,1000
6115,泰國獅子航空,NRT,20240216,1520,305,1925,1001
9394,中華航空,NRT,20240216,1235,300,1635,1002
10057,中華航空,NRT,20240216,930,300,1330,1003
10291,STARLUX Airlines,NRT,20240216,1015,300,1415,1004
8375,日本航空,NRT,20240216,1550,300,1950,1005
10291,STARLUX Airlines,NRT,20240216,830,300,1230,1006
10272,長榮航空,NRT,20240216,850,305,1255,1007
10272,長榮航空,NRT,20240216,755,305,1200,1008
10272,長榮航空,NRT,20240216,1520,300,1920,1009
10262,長榮航空,NRT,20240216,1520,300,1920,1010
10812,中華航空,NRT,20240216,930,300,1330,1011
11031,日本航空,NRT,20240216,1035,300,1435,1012
10922,長榮航空,NRT,20240216,755,305,1200,1013
10922,長榮航空,NRT,20240216,850,305,1255,1014
11385,日本航空,NRT,20240216,1035,300,1435,1015
21745,日本航空,NRT,20240216,1550,300,1950,1016
30554,長榮航空,NRT,20240216,850,305,1255,1017
30554,長榮航空,NRT,20240216,755,305,1200,1018
4026,酷航,NRT,20240217,640,305,1045,1019
4189,捷星日本,NRT,20240217,1250,305,1655,1020
4789,捷星日本,NRT,20240217,220,310,630,1021
4910,樂桃,NRT,20240217,935,305,1340,1022
3710,樂桃,NRT,20240217,1655,305,2100,1023
4910,樂桃,NRT,20240217,225,305,630,1024
4982,台灣虎航,NRT,20240217,1330,300,1730,1025
6505,台灣虎航,NRT,20240217,635,300,1035,1026
7025,中華航空,NRT,20240217,1440,305,1845,1027
7524,中華航空,NRT,20240217,1440,305,1845,1028
9374,中華航空,NRT,20240217,1235,300,1635,1029
10203,STARLUX Airlines,NRT,20240217,1015,300,1415,1030
10252,中華航空,NRT,20240217,930,300,1330,1031
8326,日本航空,NRT,20240217,1550,300,1950,1032
10847,STARLUX Airlines,NRT,20240217,830,300,1230,1033
10127,中華航空,NRT,20240217,1235,300,1635,1034
10966,日本航空,NRT,20240217,1035,300,1435,1035
10983,長榮航空,NRT,20240217,850,305,1255,1036
10983,長榮航空,NRT,20240217,755,305,1200,1037
11132,中華航空,NRT,20240217,930,300,1330,1038
10200,國泰航空,NRT,20240217,1250,300,1650,1039
9609,STARLUX Airlines,NRT,20240217,1500,300,1900,1040
9719,長榮航空,NRT,20240217,1520,300,1920,1041
10239,長榮航空,NRT,20240217,1520,300,1920,1042
9108,泰國獅子航空,NRT,20240217,1520,305,1925,1043
11359,日本航空,NRT,20240217,1035,300,1435,1044
11556,長榮航空,NRT,20240217,755,305,1200,1045
11556,長榮航空,NRT,20240217,850,305,1255,1046
21745,日本航空,NRT,20240217,1550,300,1950,1047
30505,長榮航空,NRT,20240217,850,305,1255,1048
30505,長榮航空,NRT,20240217,755,305,1200,1049
4026,酷航,NRT,20240218,640,305,1045,1050
4510,樂桃,NRT,20240218,935,305,1340,1051
4789,捷星日本,NRT,20240218,1250,305,1655,1052
4789,捷星日本,NRT,20240218,220,310,630,1053
4510,樂桃,NRT,20240218,225,305,630,1054
4982,台灣虎航,NRT,20240218,1330,300,1730,1055
4110,樂桃,NRT,20240218,1655,305,2100,1056
5992,台灣虎航,NRT,20240218,635,300,1035,1057
7025,中華航空,NRT,20240218,1440,305,1845,1058
5492,泰國獅子航空,NRT,20240218,1515,310,1925,1059
7524,中華航空,NRT,20240218,1440,305,1845,1060
8386,日本航空,NRT,20240218,1540,300,1940,1061
10064,STARLUX Airlines,NRT,20240218,830,300,1230,1062
8728,中華航空,NRT,20240218,1625,300,2025,1063
9996,中華航空,NRT,20240218,1235,300,1635,1064
10628,中華航空,NRT,20240218,930,300,1330,1065
10687,STARLUX Airlines,NRT,20240218,1015,300,1415,1066
9609,STARLUX Airlines,NRT,20240218,1500,300,1900,1067
10812,中華航空,NRT,20240218,1235,300,1635,1068
10215,國泰航空,NRT,20240218,1250,300,1650,1069
9398,中華航空,NRT,20240218,1625,300,2025,1070
9678,長榮航空,NRT,20240218,1520,300,1920,1071
10956,長榮航空,NRT,20240218,850,305,1255,1072
11545,中華航空,NRT,20240218,930,300,1330,1073
10956,長榮航空,NRT,20240218,755,305,1200,1074
11817,長榮航空,NRT,20240218,755,305,1200,1075
11817,長榮航空,NRT,20240218,850,305,1255,1076
13639,日本航空,NRT,20240218,1035,300,1435,1077
14732,日本航空,NRT,20240218,1035,300,1435,1078
21745,日本航空,NRT,20240218,1540,300,1940,1079
30687,長榮航空,NRT,20240218,1520,300,1920,1080
30436,長榮航空,NRT,20240218,755,305,1200,1081
30436,長榮航空,NRT,20240218,850,305,1255,1082
4026,酷航,NRT,20240219,640,305,1045,1083
4705,捷星日本,NRT,20240219,1250,305,1655,1084
4705,捷星日本,NRT,20240219,220,310,630,1085
4510,樂桃,NRT,20240219,225,305,630,1086
5410,樂桃,NRT,20240219,935,305,1340,1087
5299,台灣虎航,NRT,20240219,1330,300,1730,1088
4510,樂桃,NRT,20240219,1655,305,2100,1089
6299,台灣虎航,NRT,20240219,635,300,1035,1090
7025,中華航空,NRT,20240219,1440,305,1845,1091
7524,中華航空,NRT,20240219,1440,305,1845,1092
8271,STARLUX Airlines,NRT,20240219,1500,300,1900,1093
8373,日本航空,NRT,20240219,1540,300,1940,1094
9374,中華航空,NRT,20240219,1235,300,1635,1095
10064,STARLUX Airlines,NRT,20240219,830,300,1230,1096
10252,中華航空,NRT,20240219,930,300,1330,1097
10687,STARLUX Airlines,NRT,20240219,1015,300,1415,1098
10448,中華航空,NRT,20240219,1235,300,1635,1099
11132,中華航空,NRT,20240219,930,300,1330,1100
11029,日本航空,NRT,20240219,1035,300,1435,1101
10207,國泰航空,NRT,20240219,1250,300,1650,1102
9678,長榮航空,NRT,20240219,1520,300,1920,1103
10952,長榮航空,NRT,20240219,755,305,1200,1104
10239,長榮航空,NRT,20240219,1520,300,1920,1105
10485,泰國獅子航空,NRT,20240219,1520,305,1925,1106
10954,長榮航空,NRT,20240219,850,305,1255,1107
11359,日本航空,NRT,20240219,1035,300,1435,1108
11556,長榮航空,NRT,20240219,755,305,1200,1109
11556,長榮航空,NRT,20240219,850,305,1255,1110
21745,日本航空,NRT,20240219,1540,300,1940,1111
30485,長榮航空,NRT,20240219,755,305,1200,1112
30674,長榮航空,NRT,20240219,850,305,1255,1113
4026,酷航,NRT,20240220,640,305,1045,1114
4489,捷星日本,NRT,20240220,1250,305,1655,1115
4489,捷星日本,NRT,20240220,220,310,630,1116
4110,樂桃,NRT,20240220,1655,305,2100,1117
4982,台灣虎航,NRT,20240220,1330,300,1730,1118
5597,台灣虎航,NRT,20240220,635,300,1035,1119
5410,樂桃,NRT,20240220,950,305,1355,1120
7025,中華航空,NRT,20240220,1440,305,1845,1121
7524,中華航空,NRT,20240220,1440,305,1845,1122
8271,STARLUX Airlines,NRT,20240220,1500,300,1900,1123
9656,STARLUX Airlines,NRT,20240220,1015,300,1415,1124
9678,長榮航空,NRT,20240220,850,305,1255,1125
8386,日本航空,NRT,20240220,1550,300,1950,1126
9396,中華航空,NRT,20240220,1235,300,1635,1127
10023,中華航空,NRT,20240220,930,300,1330,1128
10239,長榮航空,NRT,20240220,850,305,1255,1129
10687,STARLUX Airlines,NRT,20240220,830,300,1230,1130
10127,中華航空,NRT,20240220,1235,300,1635,1131
10812,中華航空,NRT,20240220,930,300,1330,1132
11042,日本航空,NRT,20240220,1035,300,1435,1133
10943,長榮航空,NRT,20240220,755,305,1200,1134
10215,國泰航空,NRT,20240220,1250,300,1650,1135
11359,日本航空,NRT,20240220,1035,300,1435,1136
9678,長榮航空,NRT,20240220,1520,300,1920,1137
10239,長榮航空,NRT,20240220,1520,300,1920,1138
10239,長榮航空,NRT,20240220,755,305,1200,1139
21745,日本航空,NRT,20240220,1550,300,1950,1140
30485,長榮航空,NRT,20240220,850,305,1255,1141
30485,長榮航空,NRT,20240220,755,305,1200,1142
4026,酷航,NRT,20240221,640,305,1045,1143
4789,捷星日本,NRT,20240221,1250,305,1655,1144
4982,台灣虎航,NRT,20240221,1330,300,1730,1145
5489,捷星日本,NRT,20240221,220,310,630,1146
5410,樂桃,NRT,20240221,935,305,1340,1147
4510,樂桃,NRT,20240221,1655,305,2100,1148
7025,中華航空,NRT,20240221,1440,305,1845,1149
6505,台灣虎航,NRT,20240221,635,300,1035,1150
5666,泰國獅子航空,NRT,20240221,1520,305,1925,1151
8442,STARLUX Airlines,NRT,20240221,1500,300,1900,1152
9341,中華航空,NRT,20240221,1235,300,1635,1153
8386,日本航空,NRT,20240221,1540,300,1940,1154
10252,中華航空,NRT,20240221,930,300,1330,1155
10217,STARLUX Airlines,NRT,20240221,1015,300,1415,1156
10500,長榮航空,NRT,20240221,755,305,1200,1157
8750,中華航空,NRT,20240221,1625,300,2025,1158
10859,STARLUX Airlines,NRT,20240221,830,300,1230,1159
10983,長榮航空,NRT,20240221,850,305,1255,1160
11042,日本航空,NRT,20240221,1035,300,1435,1161
11359,日本航空,NRT,20240221,1035,300,1435,1162
10215,國泰航空,NRT,20240221,1250,300,1650,1163
11556,長榮航空,NRT,20240221,755,305,1200,1164
9719,長榮航空,NRT,20240221,1520,300,1920,1165
10239,長榮航空,NRT,20240221,1520,300,1920,1166
11556,長榮航空,NRT,20240221,850,305,1255,1167
21745,日本航空,NRT,20240221,1540,300,1940,1168
24270,中華航空,NRT,20240221,930,300,1330,1169
24270,中華航空,NRT,20240221,1235,300,1635,1170
24270,中華航空,NRT,20240221,1625,300,2025,1171
24259,中華航空,NRT,20240221,1440,305,1845,1172
30505,長榮航空,NRT,20240221,755,305,1200,1173
30505,長榮航空,NRT,20240221,850,305,1255,1174
6075,酷航,NRT,20240222,640,305,1045,1175
7025,中華航空,NRT,20240222,1440,305,1845,1176
6110,樂桃,NRT,20240222,935,305,1340,1177
6431,捷星日本,NRT,20240222,1250,305,1655,1178
7524,中華航空,NRT,20240222,1440,305,1845,1179
6505,台灣虎航,NRT,20240222,1330,300,1730,1180
7204,捷星日本,NRT,20240222,220,310,630,1181
6110,樂桃,NRT,20240222,1655,305,2100,1182
9655,中華航空,NRT,20240222,1235,300,1635,1183
10687,STARLUX Airlines,NRT,20240222,1015,300,1415,1184
8498,台灣虎航,NRT,20240222,635,300,1035,1185
10687,STARLUX Airlines,NRT,20240222,830,300,1230,1186
10207,國泰航空,NRT,20240222,1250,300,1650,1187
10064,STARLUX Airlines,NRT,20240222,1500,300,1900,1188
10448,中華航空,NRT,20240222,1235,300,1635,1189
10956,長榮航空,NRT,20240222,850,305,1255,1190
10983,長榮航空,NRT,20240222,755,305,1200,1191
9678,長榮航空,NRT,20240222,1520,300,1920,1192
11556,長榮航空,NRT,20240222,850,305,1255,1193
11556,長榮航空,NRT,20240222,755,305,1200,1194
12744,中華航空,NRT,20240222,930,300,1330,1195
10239,長榮航空,NRT,20240222,1520,300,1920,1196
13044,日本航空,NRT,20240222,1035,300,1435,1197
11042,日本航空,NRT,20240222,1550,300,1950,1198
13489,日本航空,NRT,20240222,1035,300,1435,1199
14223,中華航空,NRT,20240222,930,300,1330,1200
21745,日本航空,NRT,20240222,1550,300,1950,1201
30357,長榮航空,NRT,20240222,755,305,1200,1202
30357,長榮航空,NRT,20240222,850,305,1255,1203
7170,捷星日本,NRT,20240223,1250,305,1655,1204
7170,捷星日本,NRT,20240223,220,310,630,1205
7250,樂桃,NRT,20240223,935,305,1340,1206
7120,樂桃,NRT,20240223,225,305,630,1207
10301,國泰航空,NRT,20240223,1250,300,1650,1208
8299,台灣虎航,NRT,20240223,1330,300,1730,1209
10162,酷航,NRT,20240223,640,305,1045,1210
7120,樂桃,NRT,20240223,1655,305,2100,1211
10299,台灣虎航,NRT,20240223,635,300,1035,1212
13529,日本航空,NRT,20240223,1035,300,1435,1213
12937,中華航空,NRT,20240223,1235,300,1635,1214
14017,日本航空,NRT,20240223,1035,300,1435,1215
12688,STARLUX Airlines,NRT,20240223,1500,300,1900,1216
12031,中華航空,NRT,20240223,1625,300,2025,1217
14801,長榮航空,NRT,20240223,850,305,1255,1218
13032,日本航空,NRT,20240223,1550,300,1950,1219
14877,中華航空,NRT,20240223,1235,300,1635,1220
12830,長榮航空,NRT,20240223,1520,300,1920,1221
13881,中華航空,NRT,20240223,1440,305,1845,1222
15550,長榮航空,NRT,20240223,850,305,1255,1223
10369,泰國獅子航空,NRT,20240223,1520,305,1925,1224
13525,中華航空,NRT,20240223,1625,300,2025,1225
13488,長榮航空,NRT,20240223,1520,300,1920,1226
16142,STARLUX Airlines,NRT,20240223,830,300,1230,1227
16409,中華航空,NRT,20240223,1440,305,1845,1228
17971,中華航空,NRT,20240223,930,300,1330,1229
17755,長榮航空,NRT,20240223,755,305,1200,1230
18845,長榮航空,NRT,20240223,755,305,1200,1231
19899,中華航空,NRT,20240223,930,300,1330,1232
21310,STARLUX Airlines,NRT,20240223,1015,300,1415,1233
21745,日本航空,NRT,20240223,1550,300,1950,1234
30436,長榮航空,NRT,20240223,755,305,1200,1235
30436,長榮航空,NRT,20240223,850,305,1255,1236
7975,泰國獅子航空,NRT,20240224,1520,305,1925,1237
10162,酷航,NRT,20240224,640,305,1045,1238
10989,捷星日本,NRT,20240224,220,310,630,1239
10610,樂桃,NRT,20240224,935,305,1340,1240
10989,捷星日本,NRT,20240224,1250,305,1655,1241
10597,台灣虎航,NRT,20240224,1330,300,1730,1242
14591,國泰航空,NRT,20240224,1250,300,1650,1243
14497,台灣虎航,NRT,20240224,635,300,1035,1244
14335,中華航空,NRT,20240224,1440,305,1845,1245
16316,中華航空,NRT,20240224,1235,300,1635,1246
17755,長榮航空,NRT,20240224,850,305,1255,1247
17755,長榮航空,NRT,20240224,755,305,1200,1248
14976,日本航空,NRT,20240224,1550,300,1950,1249
14815,長榮航空,NRT,20240224,1520,300,1920,1250
10610,樂桃,NRT,20240224,1655,305,2100,1251
18178,中華航空,NRT,20240224,1235,300,1635,1252
18845,長榮航空,NRT,20240224,850,305,1255,1253
16409,中華航空,NRT,20240224,1440,305,1845,1254
18845,長榮航空,NRT,20240224,755,305,1200,1255
15550,長榮航空,NRT,20240224,1520,300,1920,1256
21310,STARLUX Airlines,NRT,20240224,1015,300,1415,1257
21310,STARLUX Airlines,NRT,20240224,830,300,1230,1258
23641,日本航空,NRT,20240224,1035,300,1435,1259
24802,日本航空,NRT,20240224,1035,300,1435,1260
26651,STARLUX Airlines,NRT,20240224,1500,300,1900,1261
28521,中華航空,NRT,20240224,930,300,1330,1262
30357,長榮航空,NRT,20240224,755,305,1200,1263
30357,長榮航空,NRT,20240224,850,305,1255,1264
42890,中華航空,NRT,20240224,930,300,1330,1265
9489,捷星日本,NRT,20240225,220,310,630,1266
10162,酷航,NRT,20240225,640,305,1045,1267
10299,台灣虎航,NRT,20240225,635,300,1035,1268
13135,國泰航空,NRT,20240225,1250,300,1650,1269
11199,台灣虎航,NRT,20240225,1330,300,1730,1270
11710,樂桃,NRT,20240225,935,305,1340,1271
10335,泰國獅子航空,NRT,20240225,1515,310,1925,1272
12599,捷星日本,NRT,20240225,1250,305,1655,1273
14759,長榮航空,NRT,20240225,755,305,1200,1274
16142,STARLUX Airlines,NRT,20240225,1015,300,1415,1275
16435,STARLUX Airlines,NRT,20240225,830,300,1230,1276
15550,長榮航空,NRT,20240225,755,305,1200,1277
16415,中華航空,NRT,20240225,1235,300,1635,1278
17971,中華航空,NRT,20240225,930,300,1330,1279
17755,長榮航空,NRT,20240225,850,305,1255,1280
18178,中華航空,NRT,20240225,1235,300,1635,1281
18845,長榮航空,NRT,20240225,850,305,1255,1282
19899,中華航空,NRT,20240225,930,300,1330,1283
12910,樂桃,NRT,20240225,1655,305,2100,1284
21552,中華航空,NRT,20240225,1625,300,2025,1285
24835,長榮航空,NRT,20240225,1520,300,1920,1286
23855,中華航空,NRT,20240225,1625,300,2025,1287
24204,中華航空,NRT,20240225,1440,305,1845,1288
26554,中華航空,NRT,20240225,1440,305,1845,1289
30650,日本航空,NRT,20240225,1540,300,1940,1290
30436,長榮航空,NRT,20240225,755,305,1200,1291
30436,長榮航空,NRT,20240225,850,305,1255,1292
31707,日本航空,NRT,20240225,1540,300,1940,1293
32596,STARLUX Airlines,NRT,20240225,1500,300,1900,1294
42437,長榮航空,NRT,20240225,1520,300,1920,1295
6980,酷航,NRT,20240226,640,305,1045,1296
6799,台灣虎航,NRT,20240226,1330,300,1730,1297
7204,捷星日本,NRT,20240226,1250,305,1655,1298
7399,台灣虎航,NRT,20240226,635,300,1035,1299
7204,捷星日本,NRT,20240226,220,310,630,1300
7710,樂桃,NRT,20240226,935,305,1340,1301
9687,中華航空,NRT,20240226,1235,300,1635,1302
9403,中華航空,NRT,20240226,1440,305,1845,1303
10315,中華航空,NRT,20240226,930,300,1330,1304
10207,國泰航空,NRT,20240226,1250,300,1650,1305
10448,中華航空,NRT,20240226,1235,300,1635,1306
10687,STARLUX Airlines,NRT,20240226,830,300,1230,1307
11042,日本航空,NRT,20240226,1035,300,1435,1308
10983,長榮航空,NRT,20240226,850,305,1255,1309
10448,中華航空,NRT,20240226,1440,305,1845,1310
10983,長榮航空,NRT,20240226,755,305,1200,1311
10687,STARLUX Airlines,NRT,20240226,1500,300,1900,1312
11545,中華航空,NRT,20240226,930,300,1330,1313
11585,日本航空,NRT,20240226,1035,300,1435,1314
11556,長榮航空,NRT,20240226,850,305,1255,1315
11556,長榮航空,NRT,20240226,755,305,1200,1316
12475,STARLUX Airlines,NRT,20240226,1015,300,1415,1317
10983,長榮航空,NRT,20240226,1520,300,1920,1318
8610,樂桃,NRT,20240226,1655,305,2100,1319
11556,長榮航空,NRT,20240226,1520,300,1920,1320
13038,日本航空,NRT,20240226,1540,300,1940,1321
13793,泰國獅子航空,NRT,20240226,1520,305,1925,1322
21745,日本航空,NRT,20240226,1540,300,1940,1323
30357,長榮航空,NRT,20240226,755,305,1200,1324
30357,長榮航空,NRT,20240226,850,305,1255,1325
7031,中華航空,NRT,20240227,1440,305,1845,1326
6395,捷星日本,NRT,20240227,1250,305,1655,1327
7524,中華航空,NRT,20240227,1440,305,1845,1328
6986,酷航,NRT,20240227,640,305,1045,1329
6910,樂桃,NRT,20240227,950,305,1355,1330
8449,STARLUX Airlines,NRT,20240227,1500,300,1900,1331
7399,台灣虎航,NRT,20240227,1330,300,1730,1332
9403,中華航空,NRT,20240227,1235,300,1635,1333
7797,捷星日本,NRT,20240227,220,310,630,1334
10207,國泰航空,NRT,20240227,1250,300,1650,1335
10448,中華航空,NRT,20240227,1235,300,1635,1336
10869,中華航空,NRT,20240227,930,300,1330,1337
12318,中華航空,NRT,20240227,930,300,1330,1338
12486,STARLUX Airlines,NRT,20240227,1015,300,1415,1339
12486,STARLUX Airlines,NRT,20240227,830,300,1230,1340
7710,樂桃,NRT,20240227,1655,305,2100,1341
10299,台灣虎航,NRT,20240227,635,300,1035,1342
11042,日本航空,NRT,20240227,1550,300,1950,1343
10786,長榮航空,NRT,20240227,1520,300,1920,1344
12808,長榮航空,NRT,20240227,850,305,1255,1345
12811,長榮航空,NRT,20240227,755,305,1200,1346
13500,長榮航空,NRT,20240227,850,305,1255,1347
13500,長榮航空,NRT,20240227,755,305,1200,1348
11566,長榮航空,NRT,20240227,1520,300,1920,1349
14976,日本航空,NRT,20240227,1035,300,1435,1350
15456,日本航空,NRT,20240227,1035,300,1435,1351
21745,日本航空,NRT,20240227,1550,300,1950,1352
30505,長榮航空,NRT,20240227,850,305,1255,1353
30505,長榮航空,NRT,20240227,755,305,1200,1354
6110,樂桃,NRT,20240228,935,305,1340,1355
6489,捷星日本,NRT,20240228,1250,305,1655,1356
6980,酷航,NRT,20240228,640,305,1045,1357
7074,泰國獅子航空,NRT,20240228,1520,305,1925,1358
9104,中華航空,NRT,20240228,1625,300,2025,1359
10206,國泰航空,NRT,20240228,1250,300,1650,1360
6910,樂桃,NRT,20240228,1655,305,2100,1361
9807,中華航空,NRT,20240228,1625,300,2025,1362
9489,捷星日本,NRT,20240228,220,310,630,1363
10628,中華航空,NRT,20240228,1440,305,1845,1364
10299,台灣虎航,NRT,20240228,635,300,1035,1365
11042,日本航空,NRT,20240228,1540,300,1940,1366
10956,長榮航空,NRT,20240228,1520,300,1920,1367
11545,中華航空,NRT,20240228,1440,305,1845,1368
12744,中華航空,NRT,20240228,1235,300,1635,1369
10299,台灣虎航,NRT,20240228,1330,300,1730,1370
12475,STARLUX Airlines,NRT,20240228,1500,300,1900,1371
11556,長榮航空,NRT,20240228,1520,300,1920,1372
14801,長榮航空,NRT,20240228,850,305,1255,1373
14223,中華航空,NRT,20240228,1235,300,1635,1374
15550,長榮航空,NRT,20240228,850,305,1255,1375
16142,STARLUX Airlines,NRT,20240228,830,300,1230,1376
16142,STARLUX Airlines,NRT,20240228,1015,300,1415,1377
17971,中華航空,NRT,20240228,930,300,1330,1378
17755,長榮航空,NRT,20240228,755,305,1200,1379
18845,長榮航空,NRT,20240228,755,305,1200,1380
19899,中華航空,NRT,20240228,930,300,1330,1381
21745,日本航空,NRT,20240228,1540,300,1940,1382
23641,日本航空,NRT,20240228,1035,300,1435,1383
24802,日本航空,NRT,20240228,1035,300,1435,1384
30485,長榮航空,NRT,20240228,850,305,1255,1385
30485,長榮航空,NRT,20240228,755,305,1200,1386
4712,酷航,NRT,20240229,640,305,1045,1387
5889,捷星日本,NRT,20240229,1250,305,1655,1388
5889,捷星日本,NRT,20240229,220,310,630,1389
7025,中華航空,NRT,20240229,1440,305,1845,1390
6110,樂桃,NRT,20240229,935,305,1340,1391
5992,台灣虎航,NRT,20240229,1330,300,1730,1392
5410,樂桃,NRT,20240229,1655,305,2100,1393
7599,台灣虎航,NRT,20240229,635,300,1035,1394
10018,中華航空,NRT,20240229,930,300,1330,1395
9390,中華航空,NRT,20240229,1235,300,1635,1396
10335,長榮航空,NRT,20240229,850,305,1255,1397
10956,長榮航空,NRT,20240229,755,305,1200,1398
10897,長榮航空,NRT,20240229,850,305,1255,1399
11042,日本航空,NRT,20240229,1035,300,1435,1400
10214,國泰航空,NRT,20240229,1250,300,1650,1401
11359,日本航空,NRT,20240229,1035,300,1435,1402
10064,STARLUX Airlines,NRT,20240229,1500,300,1900,1403
11556,長榮航空,NRT,20240229,755,305,1200,1404
9678,長榮航空,NRT,20240229,1520,300,1920,1405
12475,STARLUX Airlines,NRT,20240229,1015,300,1415,1406
12475,STARLUX Airlines,NRT,20240229,830,300,1230,1407
10239,長榮航空,NRT,20240229,1520,300,1920,1408
11042,日本航空,NRT,20240229,1550,300,1950,1409
21745,日本航空,NRT,20240229,1550,300,1950,1410
24018,中華航空,NRT,20240229,930,300,1330,1411
24018,中華航空,NRT,20240229,1235,300,1635,1412
24018,中華航空,NRT,20240229,1440,305,1845,1413
30464,長榮航空,NRT,20240229,850,305,1255,1414
30464,長榮航空,NRT,20240229,755,305,1200,1415
4717,酷航,NRT,20240301,640,305,1045,1416
5089,捷星日本,NRT,20240301,1250,305,1655,1417
4110,樂桃,NRT,20240301,1655,305,2100,1418
5299,台灣虎航,NRT,20240301,1310,255,1705,1419
5886,捷星日本,NRT,20240301,220,310,630,1420
5799,台灣虎航,NRT,20240301,1330,300,1730,1421
6110,樂桃,NRT,20240301,935,305,1340,1422
7124,中華航空,NRT,20240301,1440,305,1845,1423
7524,中華航空,NRT,20240301,1440,305,1845,1424
7399,台灣虎航,NRT,20240301,635,300,1035,1425
8278,STARLUX Airlines,NRT,20240301,1500,300,1900,1426
8424,日本航空,NRT,20240301,1550,300,1950,1427
9686,中華航空,NRT,20240301,1235,300,1635,1428
10360,中華航空,NRT,20240301,930,300,1330,1429
10696,STARLUX Airlines,NRT,20240301,1015,300,1415,1430
11042,日本航空,NRT,20240301,1035,300,1435,1431
6966,泰國獅子航空,NRT,20240301,1520,305,1925,1432
10448,中華航空,NRT,20240301,1235,300,1635,1433
8758,中華航空,NRT,20240301,1625,300,2025,1434
11132,中華航空,NRT,20240301,930,300,1330,1435
10191,國泰航空,NRT,20240301,1250,300,1650,1436
10967,長榮航空,NRT,20240301,755,305,1200,1437
9398,中華航空,NRT,20240301,1625,300,2025,1438
9767,長榮航空,NRT,20240301,1520,300,1920,1439
10247,長榮航空,NRT,20240301,1520,300,1920,1440
10982,長榮航空,NRT,20240301,850,305,1255,1441
11369,日本航空,NRT,20240301,1035,300,1435,1442
11566,長榮航空,NRT,20240301,850,305,1255,1443
11566,長榮航空,NRT,20240301,755,305,1200,1444
12486,STARLUX Airlines,NRT,20240301,830,300,1230,1445
21745,日本航空,NRT,20240301,1550,300,1950,1446
30513,長榮航空,NRT,20240301,850,305,1255,1447
30513,長榮航空,NRT,20240301,755,305,1200,1448
4712,酷航,NRT,20240302,640,305,1045,1449
5389,捷星日本,NRT,20240302,1250,305,1655,1450
5789,捷星日本,NRT,20240302,220,310,630,1451
5299,台灣虎航,NRT,20240302,1310,255,1705,1452
5799,台灣虎航,NRT,20240302,1330,300,1730,1453
4510,樂桃,NRT,20240302,1655,305,2100,1454
6110,樂桃,NRT,20240302,935,305,1340,1455
7025,中華航空,NRT,20240302,1440,305,1845,1456
7399,台灣虎航,NRT,20240302,635,300,1035,1457
7524,中華航空,NRT,20240302,1440,305,1845,1458
8271,STARLUX Airlines,NRT,20240302,1500,300,1900,1459
8386,日本航空,NRT,20240302,1550,300,1950,1460
10687,STARLUX Airlines,NRT,20240302,1015,300,1415,1461
10197,國泰航空,NRT,20240302,1250,300,1650,1462
11042,日本航空,NRT,20240302,1035,300,1435,1463
10732,中華航空,NRT,20240302,1235,300,1635,1464
11359,日本航空,NRT,20240302,1035,300,1435,1465
11436,長榮航空,NRT,20240302,850,305,1255,1466
11323,長榮航空,NRT,20240302,755,305,1200,1467
9678,長榮航空,NRT,20240302,1520,300,1920,1468
12475,STARLUX Airlines,NRT,20240302,830,300,1230,1469
11545,中華航空,NRT,20240302,1235,300,1635,1470
12744,中華航空,NRT,20240302,930,300,1330,1471
10239,長榮航空,NRT,20240302,1520,300,1920,1472
10485,泰國獅子航空,NRT,20240302,1520,305,1925,1473
13488,長榮航空,NRT,20240302,850,305,1255,1474
13488,長榮航空,NRT,20240302,755,305,1200,1475
14223,中華航空,NRT,20240302,930,300,1330,1476
21745,日本航空,NRT,20240302,1550,300,1950,1477
30436,長榮航空,NRT,20240302,755,305,1200,1478
30436,長榮航空,NRT,20240302,850,305,1255,1479
4026,酷航,NRT,20240303,640,305,1045,1480
4799,台灣虎航,NRT,20240303,1310,255,1705,1481
5518,捷星日本,NRT,20240303,1250,305,1655,1482
5410,樂桃,NRT,20240303,935,305,1340,1483
5799,台灣虎航,NRT,20240303,1330,300,1730,1484
6431,捷星日本,NRT,20240303,220,310,630,1485
7025,中華航空,NRT,20240303,1440,305,1845,1486
5496,泰國獅子航空,NRT,20240303,1515,310,1925,1487
6799,台灣虎航,NRT,20240303,635,300,1035,1488
7524,中華航空,NRT,20240303,1440,305,1845,1489
5410,樂桃,NRT,20240303,1655,305,2100,1490
8594,日本航空,NRT,20240303,1540,300,1940,1491
10072,中華航空,NRT,20240303,930,300,1330,1492
9131,中華航空,NRT,20240303,1625,300,2025,1493
11042,日本航空,NRT,20240303,1035,300,1435,1494
10628,中華航空,NRT,20240303,1235,300,1635,1495
11359,日本航空,NRT,20240303,1035,300,1435,1496
10211,國泰航空,NRT,20240303,1250,300,1650,1497
10064,STARLUX Airlines,NRT,20240303,1500,300,1900,1498
9678,長榮航空,NRT,20240303,1520,300,1920,1499
10983,長榮航空,NRT,20240303,850,305,1255,1500
10983,長榮航空,NRT,20240303,755,305,1200,1501
9807,中華航空,NRT,20240303,1625,300,2025,1502
11545,中華航空,NRT,20240303,1235,300,1635,1503
10239,長榮航空,NRT,20240303,1520,300,1920,1504
11545,中華航空,NRT,20240303,930,300,1330,1505
11556,長榮航空,NRT,20240303,755,305,1200,1506
11817,長榮航空,NRT,20240303,850,305,1255,1507
12475,STARLUX Airlines,NRT,20240303,830,300,1230,1508
12475,STARLUX Airlines,NRT,20240303,1015,300,1415,1509
21745,日本航空,NRT,20240303,1540,300,1940,1510
30669,長榮航空,NRT,20240303,850,305,1255,1511
30669,長榮航空,NRT,20240303,755,305,1200,1512
4712,酷航,NRT,20240304,640,305,1045,1513
4490,台灣虎航,NRT,20240304,1310,255,1705,1514
5489,捷星日本,NRT,20240304,1250,305,1655,1515
5489,捷星日本,NRT,20240304,220,310,630,1516
5410,樂桃,NRT,20240304,935,305,1340,1517
7078,中華航空,NRT,20240304,1440,305,1845,1518
5992,台灣虎航,NRT,20240304,1330,300,1730,1519
6505,台灣虎航,NRT,20240304,635,300,1035,1520
5410,樂桃,NRT,20240304,1655,305,2100,1521
8271,STARLUX Airlines,NRT,20240304,1500,300,1900,1522
10064,STARLUX Airlines,NRT,20240304,1015,300,1415,1523
6966,泰國獅子航空,NRT,20240304,1520,305,1925,1524
10064,STARLUX Airlines,NRT,20240304,830,300,1230,1525
11042,日本航空,NRT,20240304,1035,300,1435,1526
10213,國泰航空,NRT,20240304,1250,300,1650,1527
10628,中華航空,NRT,20240304,1235,300,1635,1528
11037,長榮航空,NRT,20240304,755,305,1200,1529
9678,長榮航空,NRT,20240304,1520,300,1920,1530
12732,中華航空,NRT,20240304,930,300,1330,1531
11042,日本航空,NRT,20240304,1540,300,1940,1532
13480,長榮航空,NRT,20240304,850,305,1255,1533
21745,日本航空,NRT,20240304,1540,300,1940,1534
21745,日本航空,NRT,20240304,1035,300,1435,1535
24018,中華航空,NRT,20240304,930,300,1330,1536
24018,中華航空,NRT,20240304,1235,305,1635,1537
24018,中華航空,NRT,20240304,1440,305,1845,1538
30698,長榮航空,NRT,20240304,1520,300,1920,1539
30655,長榮航空,NRT,20240304,850,305,1255,1540
30655,長榮航空,NRT,20240304,755,305,1200,1541
30655,長榮航空,NRT,20240304,1540,305,1940,1542
4706,酷航,NRT,20240305,640,305,1045,1543
4961,捷星日本,NRT,20240305,1250,305,1655,1544
4982,台灣虎航,NRT,20240305,1310,255,1705,1545
4982,台灣虎航,NRT,20240305,1330,300,1730,1546
5153,捷星日本,NRT,20240305,220,310,630,1547
5410,樂桃,NRT,20240305,950,305,1355,1548
6098,台灣虎航,NRT,20240305,635,300,1035,1549
4910,樂桃,NRT,20240305,1655,305,2100,1550
7016,中華航空,NRT,20240305,1440,305,1845,1551
7524,中華航空,NRT,20240305,1440,305,1845,1552
8430,STARLUX Airlines,NRT,20240305,1500,300,1900,1553
8375,日本航空,NRT,20240305,1550,300,1950,1554
9369,中華航空,NRT,20240305,1235,300,1635,1555
10214,STARLUX Airlines,NRT,20240305,1015,300,1415,1556
10289,STARLUX Airlines,NRT,20240305,830,300,1230,1557
10127,中華航空,NRT,20240305,1235,300,1635,1558
10121,國泰航空,NRT,20240305,1250,300,1650,1559
11031,日本航空,NRT,20240305,1035,300,1435,1560
10968,長榮航空,NRT,20240305,850,305,1255,1561
10968,長榮航空,NRT,20240305,755,305,1200,1562
11343,中華航空,NRT,20240305,930,300,1330,1563
11344,日本航空,NRT,20240305,1035,300,1435,1564
9706,長榮航空,NRT,20240305,1520,300,1920,1565
10225,長榮航空,NRT,20240305,1520,300,1920,1566
11541,長榮航空,NRT,20240305,755,305,1200,1567
11541,長榮航空,NRT,20240305,850,305,1255,1568
12318,中華航空,NRT,20240305,930,300,1330,1569
21745,日本航空,NRT,20240305,1550,300,1950,1570
30656,長榮航空,NRT,20240305,755,305,1200,1571
30656,長榮航空,NRT,20240305,850,305,1255,1572
4712,酷航,NRT,20240306,640,305,1045,1573
4789,捷星日本,NRT,20240306,1250,305,1655,1574
4110,樂桃,NRT,20240306,1655,305,2100,1575
4982,台灣虎航,NRT,20240306,1310,255,1705,1576
4982,台灣虎航,NRT,20240306,1330,300,1730,1577
7025,中華航空,NRT,20240306,1440,305,1845,1578
6110,樂桃,NRT,20240306,935,305,1340,1579
6505,台灣虎航,NRT,20240306,635,300,1035,1580
6431,捷星日本,NRT,20240306,220,310,630,1581
7524,中華航空,NRT,20240306,1440,305,1845,1582
6141,泰國獅子航空,NRT,20240306,1520,305,1925,1583
8386,日本航空,NRT,20240306,1540,300,1940,1584
9668,中華航空,NRT,20240306,1235,300,1635,1585
8670,中華航空,NRT,20240306,1625,300,2025,1586
10918,STARLUX Airlines,NRT,20240306,1015,300,1415,1587
10966,長榮航空,NRT,20240306,850,305,1255,1588
11042,日本航空,NRT,20240306,1035,300,1435,1589
10983,長榮航空,NRT,20240306,755,305,1200,1590
10448,中華航空,NRT,20240306,1235,300,1635,1591
11359,日本航空,NRT,20240306,1035,300,1435,1592
10198,國泰航空,NRT,20240306,1250,300,1650,1593
9398,中華航空,NRT,20240306,1625,300,2025,1594
9719,長榮航空,NRT,20240306,1520,300,1920,1595
10291,STARLUX Airlines,NRT,20240306,1500,300,1900,1596
10239,長榮航空,NRT,20240306,1520,300,1920,1597
11369,中華航空,NRT,20240306,930,300,1330,1598
11556,長榮航空,NRT,20240306,850,305,1255,1599
11556,長榮航空,NRT,20240306,755,305,1200,1600
12318,中華航空,NRT,20240306,930,300,1330,1601
13363,STARLUX Airlines,NRT,20240306,830,300,1230,1602
21745,日本航空,NRT,20240306,1540,300,1940,1603
30634,長榮航空,NRT,20240306,755,305,1200,1604
30634,長榮航空,NRT,20240306,850,305,1255,1605
4706,酷航,NRT,20240307,640,305,1045,1606
5261,捷星日本,NRT,20240307,1250,305,1655,1607
4982,台灣虎航,NRT,20240307,1310,255,1705,1608
4110,樂桃,NRT,20240307,1655,305,2100,1609
5886,捷星日本,NRT,20240307,220,310,630,1610
5500,台灣虎航,NRT,20240307,1330,300,1730,1611
6110,樂桃,NRT,20240307,935,305,1340,1612
7069,中華航空,NRT,20240307,1440,305,1845,1613
7524,中華航空,NRT,20240307,1440,305,1845,1614
7729,台灣虎航,NRT,20240307,635,300,1035,1615
8421,STARLUX Airlines,NRT,20240307,1500,300,1900,1616
8353,日本航空,NRT,20240307,1550,300,1950,1617
10382,中華航空,NRT,20240307,930,300,1330,1618
10072,中華航空,NRT,20240307,1235,300,1635,1619
10873,長榮航空,NRT,20240307,850,305,1255,1620
11132,中華航空,NRT,20240307,930,300,1330,1621
11014,日本航空,NRT,20240307,1035,300,1435,1622
10153,國泰航空,NRT,20240307,1250,300,1650,1623
11372,長榮航空,NRT,20240307,755,305,1200,1624
10812,中華航空,NRT,20240307,1235,300,1635,1625
11541,長榮航空,NRT,20240307,850,305,1255,1626
11585,日本航空,NRT,20240307,1035,300,1435,1627
9666,長榮航空,NRT,20240307,1520,300,1920,1628
12672,STARLUX Airlines,NRT,20240307,830,300,1230,1629
10225,長榮航空,NRT,20240307,1520,300,1920,1630
12672,STARLUX Airlines,NRT,20240307,1015,300,1415,1631
13471,長榮航空,NRT,20240307,755,305,1200,1632
21737,日本航空,NRT,20240307,1550,300,1950,1633
30374,長榮航空,NRT,20240307,755,305,1200,1634
30374,長榮航空,NRT,20240307,850,305,1255,1635
4712,酷航,NRT,20240308,640,305,1045,1636
4982,台灣虎航,NRT,20240308,1330,300,1730,1637
5489,捷星日本,NRT,20240308,1250,305,1655,1638
5500,台灣虎航,NRT,20240308,1310,255,1705,1639
6431,捷星日本,NRT,20240308,220,310,630,1640
6110,樂桃,NRT,20240308,935,305,1340,1641
7025,中華航空,NRT,20240308,1440,305,1845,1642
4910,樂桃,NRT,20240308,1655,305,2100,1643
7599,台灣虎航,NRT,20240308,635,300,1035,1644
8271,STARLUX Airlines,NRT,20240308,1500,300,1900,1645
8386,日本航空,NRT,20240308,1550,300,1950,1646
9719,中華航空,NRT,20240308,1235,300,1635,1647
7002,泰國獅子航空,NRT,20240308,1520,305,1925,1648
10729,中華航空,NRT,20240308,930,300,1330,1649
8670,中華航空,NRT,20240308,1625,300,2025,1650
11042,日本航空,NRT,20240308,1035,300,1435,1651
10198,國泰航空,NRT,20240308,1250,300,1650,1652
10956,長榮航空,NRT,20240308,850,305,1255,1653
10983,長榮航空,NRT,20240308,755,305,1200,1654
11359,日本航空,NRT,20240308,1035,300,1435,1655
11556,長榮航空,NRT,20240308,850,305,1255,1656
11556,長榮航空,NRT,20240308,755,305,1200,1657
9678,長榮航空,NRT,20240308,1520,300,1920,1658
12475,STARLUX Airlines,NRT,20240308,1015,300,1415,1659
10239,長榮航空,NRT,20240308,1520,300,1920,1660
12475,STARLUX Airlines,NRT,20240308,830,300,1230,1661
21745,日本航空,NRT,20240308,1550,300,1950,1662
24018,中華航空,NRT,20240308,930,300,1330,1663
24018,中華航空,NRT,20240308,1235,300,1635,1664
24129,中華航空,NRT,20240308,1625,300,2025,1665
24018,中華航空,NRT,20240308,1440,305,1845,1666
30464,長榮航空,NRT,20240308,755,305,1200,1667
30464,長榮航空,NRT,20240308,850,305,1255,1668
4706,酷航,NRT,20240309,640,305,1045,1669
5299,台灣虎航,NRT,20240309,1310,255,1705,1670
5661,捷星日本,NRT,20240309,1250,305,1655,1671
6431,捷星日本,NRT,20240309,220,310,630,1672
6110,樂桃,NRT,20240309,935,305,1340,1673
7069,中華航空,NRT,20240309,1440,305,1845,1674
6299,台灣虎航,NRT,20240309,1330,300,1730,1675
7399,台灣虎航,NRT,20240309,635,300,1035,1676
6141,泰國獅子航空,NRT,20240309,1520,305,1925,1677
5410,樂桃,NRT,20240309,1655,305,2100,1678
8369,STARLUX Airlines,NRT,20240309,1500,300,1900,1679
11042,日本航空,NRT,20240309,1035,300,1435,1680
10214,國泰航空,NRT,20240309,1250,300,1650,1681
10729,中華航空,NRT,20240309,1235,300,1635,1682
12044,長榮航空,NRT,20240309,850,305,1255,1683
9666,長榮航空,NRT,20240309,1520,300,1920,1684
12686,STARLUX Airlines,NRT,20240309,1015,300,1415,1685
12686,STARLUX Airlines,NRT,20240309,830,300,1230,1686
12836,中華航空,NRT,20240309,930,300,1330,1687
10225,長榮航空,NRT,20240309,1520,300,1920,1688
11042,日本航空,NRT,20240309,1550,300,1950,1689
13471,長榮航空,NRT,20240309,850,305,1255,1690
14796,長榮航空,NRT,20240309,755,305,1200,1691
15530,長榮航空,NRT,20240309,755,305,1200,1692
21475,日本航空,NRT,20240309,1550,300,1950,1693
21745,日本航空,NRT,20240309,1035,300,1435,1694
23985,中華航空,NRT,20240309,930,300,1330,1695
23985,中華航空,NRT,20240309,1235,305,1635,1696
23985,中華航空,NRT,20240309,1440,305,1845,1697
30643,長榮航空,NRT,20240309,755,305,1200,1698
30643,長榮航空,NRT,20240309,850,305,1255,1699
30643,長榮航空,NRT,20240309,850,305,1255,1700
4020,酷航,NRT,20240310,640,305,1045,1701
4799,台灣虎航,NRT,20240310,1310,255,1705,1702
5410,樂桃,NRT,20240310,935,305,1340,1703
5909,捷星日本,NRT,20240310,1250,305,1655,1704
6061,捷星日本,NRT,20240310,220,310,630,1705
7069,中華航空,NRT,20240310,1440,305,1845,1706
6799,台灣虎航,NRT,20240310,635,300,1035,1707
6299,台灣虎航,NRT,20240310,1330,300,1730,1708
7524,中華航空,NRT,20240310,1440,305,1845,1709
5410,樂桃,NRT,20240310,1655,305,2100,1710
6167,泰國獅子航空,NRT,20240310,1515,310,1925,1711
8355,STARLUX Airlines,NRT,20240310,1500,300,1900,1712
8770,中華航空,NRT,20240310,1625,300,2025,1713
10072,中華航空,NRT,20240310,1235,300,1635,1714
11014,日本航空,NRT,20240310,1035,300,1435,1715
10121,國泰航空,NRT,20240310,1250,300,1650,1716
10812,中華航空,NRT,20240310,1235,300,1635,1717
10900,STARLUX Airlines,NRT,20240310,830,300,1230,1718
9398,中華航空,NRT,20240310,1625,300,2025,1719
9666,長榮航空,NRT,20240310,1520,300,1920,1720
11437,中華航空,NRT,20240310,930,300,1330,1721
11585,日本航空,NRT,20240310,1035,300,1435,1722
10968,長榮航空,NRT,20240310,850,305,1255,1723
10225,長榮航空,NRT,20240310,1520,300,1920,1724
11014,日本航空,NRT,20240310,1540,300,1940,1725
11541,長榮航空,NRT,20240310,850,305,1255,1726
12318,中華航空,NRT,20240310,930,300,1330,1727
12686,STARLUX Airlines,NRT,20240310,1015,300,1415,1728
13403,長榮航空,NRT,20240310,755,305,1200,1729
14084,長榮航空,NRT,20240310,755,305,1200,1730
21745,日本航空,NRT,20240310,1540,300,1940,1731
30653,長榮航空,NRT,20240310,755,305,1200,1732
30653,長榮航空,NRT,20240310,850,305,1255,1733
