Column1,Column2,Column4,Column5,Column6,Column7,Column10,col11
4156,Thai VietJet Air,KIX,20240111,750,225,1115,1734
4754,馬印航空,KIX,20240111,715,220,1035,1735
5210,樂桃,KIX,20240111,1055,230,1425,1736
6892,台灣虎航,KIX,20240111,700,225,1025,1737
8996,STARLUX Airlines星宇航空,KIX,20240111,920,230,1250,1738
5210,樂桃,KIX,20240111,1840,230,2210,1739
9413,中華航空,KIX,20240111,810,225,1135,1740
9413,中華航空,KIX,20240111,950,230,1320,1741
9589,STARLUX Airlines星宇航空,KIX,20240111,740,230,1110,1742
9252,長榮航空,KIX,20240111,830,225,1155,1743
9413,中華航空,KIX,20240111,810,225,1135,1744
9252,長榮航空,KIX,20240111,630,225,955,1745
6410,樂桃,KIX,20240111,1425,230,1755,1746
9252,長榮航空,KIX,20240111,830,225,1155,1747
8758,中華航空,KIX,20240111,1420,225,1745,1748
8758,中華航空,KIX,20240111,1420,225,1745,1749
9252,長榮航空,KIX,20240111,630,225,955,1750
9784,國泰航空,KIX,20240111,1115,230,1445,1751
9252,長榮航空,KIX,20240111,1300,225,1625,1752
9252,長榮航空,KIX,20240111,1300,225,1625,1753
9252,長榮航空,KIX,20240111,1300,225,1625,1754
11033,日本航空,KIX,20240111,1325,230,1655,1755
11033,日本航空,KIX,20240111,1325,230,1655,1756
4514,Thai VietJet Air,KIX,20240112,635,225,1000,1757
6892,台灣虎航,KIX,20240112,700,225,1025,1758
6410,樂桃,KIX,20240112,1055,230,1425,1759
8757,長榮航空,KIX,20240112,630,225,955,1760
8757,長榮航空,KIX,20240112,830,225,1155,1761
6892,台灣虎航,KIX,20240112,1205,225,1530,1762
5810,樂桃,KIX,20240112,1425,230,1755,1763
9566,STARLUX Airlines星宇航空,KIX,20240112,920,230,1250,1764
9566,STARLUX Airlines星宇航空,KIX,20240112,740,230,1110,1765
9822,中華航空,KIX,20240112,810,225,1135,1766
9226,國泰航空,KIX,20240112,1115,230,1445,1767
9822,中華航空,KIX,20240112,950,230,1320,1768
9158,長榮航空,KIX,20240112,830,225,1155,1769
8757,長榮航空,KIX,20240112,1300,225,1625,1770
9158,長榮航空,KIX,20240112,630,225,955,1771
9198,中華航空,KIX,20240112,1420,225,1745,1772
9158,長榮航空,KIX,20240112,1300,225,1625,1773
6410,樂桃,KIX,20240112,1840,230,2210,1774
10939,日本航空,KIX,20240112,1325,230,1655,1775
10939,日本航空,KIX,20240112,1325,230,1655,1776
24157,中華航空,KIX,20240112,1420,225,1745,1777
24157,中華航空,KIX,20240112,810,225,1135,1778
24159,中華航空,KIX,20240112,950,230,1320,1779
5695,馬印航空,KIX,20240113,715,220,1035,1780
5636,Thai VietJet Air,KIX,20240113,635,225,1000,1781
9784,國泰航空,KIX,20240113,1115,230,1445,1782
8010,樂桃,KIX,20240113,1040,230,1410,1783
8199,台灣虎航,KIX,20240113,1205,225,1530,1784
12218,STARLUX Airlines星宇航空,KIX,20240113,740,230,1110,1785
8010,樂桃,KIX,20240113,1425,230,1755,1786
13245,STARLUX Airlines星宇航空,KIX,20240113,920,230,1250,1787
11199,台灣虎航,KIX,20240113,700,225,1025,1788
13814,中華航空,KIX,20240113,810,225,1135,1789
13814,中華航空,KIX,20240113,810,225,1135,1790
14205,長榮航空,KIX,20240113,830,225,1155,1791
14142,長榮航空,KIX,20240113,830,225,1155,1792
14142,長榮航空,KIX,20240113,630,225,955,1793
14205,長榮航空,KIX,20240113,830,225,1155,1794
14205,長榮航空,KIX,20240113,830,225,1155,1795
14205,長榮航空,KIX,20240113,830,225,1155,1796
14205,長榮航空,KIX,20240113,830,225,1155,1797
14205,長榮航空,KIX,20240113,830,225,1155,1798
14205,長榮航空,KIX,20240113,1300,225,1625,1799
9010,樂桃,KIX,20240113,1840,230,2210,1800
17399,中華航空,KIX,20240113,950,230,1320,1801
17399,中華航空,KIX,20240113,950,230,1320,1802
20930,長榮航空,KIX,20240113,1300,225,1625,1803
20997,中華航空,KIX,20240113,1420,225,1745,1804
20930,長榮航空,KIX,20240113,1300,225,1625,1805
20930,長榮航空,KIX,20240113,1300,225,1625,1806
20930,長榮航空,KIX,20240113,1300,225,1625,1807
24873,長榮航空,KIX,20240113,630,225,955,1808
24828,長榮航空,KIX,20240113,630,225,955,1809
24873,長榮航空,KIX,20240113,630,225,955,1810
50765,中華航空,KIX,20240113,1420,225,1745,1811
9806,國泰航空,KIX,20240114,1115,230,1445,1812
10302,長榮航空,KIX,20240114,830,225,1155,1813
10302,長榮航空,KIX,20240114,830,225,1155,1814
10056,馬印航空,KIX,20240114,715,220,1035,1815
8552,Thai VietJet Air,KIX,20240114,750,225,1115,1816
10299,台灣虎航,KIX,20240114,700,225,1025,1817
13165,STARLUX Airlines星宇航空,KIX,20240114,740,230,1110,1818
14195,STARLUX Airlines星宇航空,KIX,20240114,920,230,1250,1819
11210,樂桃,KIX,20240114,1055,230,1425,1820
10010,樂桃,KIX,20240114,1840,230,2210,1821
12410,樂桃,KIX,20240114,1425,230,1755,1822
17516,中華航空,KIX,20240114,1420,225,1745,1823
23770,中華航空,KIX,20240114,950,230,1320,1824
23770,中華航空,KIX,20240114,810,225,1135,1825
23770,中華航空,KIX,20240114,810,225,1135,1826
25990,長榮航空,KIX,20240114,1300,225,1625,1827
42065,長榮航空,KIX,20240114,630,225,955,1828
42065,長榮航空,KIX,20240114,1300,225,1625,1829
9703,國泰航空,KIX,20240115,1115,230,1445,1830
8393,台灣虎航,KIX,20240115,700,225,1025,1831
10302,長榮航空,KIX,20240115,830,225,1155,1832
10302,全日空,KIX,20240115,830,225,1155,1833
7937,Thai VietJet Air,KIX,20240115,635,225,1000,1834
10302,長榮航空,KIX,20240115,630,225,955,1835
10302,全日空,KIX,20240115,630,225,955,1836
9010,樂桃,KIX,20240115,1055,230,1425,1837
12218,STARLUX Airlines星宇航空,KIX,20240115,920,230,1250,1838
13083,STARLUX Airlines星宇航空,KIX,20240115,740,230,1110,1839
11418,台灣虎航,KIX,20240115,1205,225,1530,1840
13388,日本航空,KIX,20240115,1325,230,1655,1841
13321,日本航空,KIX,20240115,1325,230,1655,1842
15663,中華航空,KIX,20240115,810,225,1135,1843
14142,長榮航空,KIX,20240115,1300,225,1625,1844
15663,中華航空,KIX,20240115,810,225,1135,1845
17399,中華航空,KIX,20240115,950,230,1320,1846
17399,日本航空,KIX,20240115,950,230,1320,1847
11210,樂桃,KIX,20240115,1840,230,2210,1848
17399,中華航空,KIX,20240115,1420,225,1745,1849
17399,日本航空,KIX,20240115,1420,225,1745,1850
13810,樂桃,KIX,20240115,1425,230,1755,1851
30207,全日空,KIX,20240115,1300,225,1625,1852
9387,長榮航空,KIX,20240116,830,225,1155,1853
8199,台灣虎航,KIX,20240116,700,225,1025,1854
9806,國泰航空,KIX,20240116,1115,230,1445,1855
7862,馬印航空,KIX,20240116,715,220,1035,1856
10324,STARLUX Airlines星宇航空,KIX,20240116,920,230,1250,1857
7556,Thai VietJet Air,KIX,20240116,635,225,1000,1858
8199,台灣虎航,KIX,20240116,1205,225,1530,1859
8229,樂桃,KIX,20240116,1055,230,1425,1860
10725,日本航空,KIX,20240116,1325,230,1655,1861
10939,日本航空,KIX,20240116,1325,230,1655,1862
12242,STARLUX Airlines星宇航空,KIX,20240116,740,230,1110,1863
12177,長榮航空,KIX,20240116,630,225,955,1864
13164,中華航空,KIX,20240116,810,225,1135,1865
9010,樂桃,KIX,20240116,1425,230,1755,1866
12177,長榮航空,KIX,20240116,630,225,955,1867
13814,中華航空,KIX,20240116,950,230,1320,1868
12177,長榮航空,KIX,20240116,1300,225,1625,1869
12177,長榮航空,KIX,20240116,1300,225,1625,1870
10010,樂桃,KIX,20240116,1840,230,2210,1871
15663,中華航空,KIX,20240116,1420,225,1745,1872
23796,中華航空,KIX,20240116,810,225,1135,1873
23796,中華航空,KIX,20240116,1420,225,1745,1874
23796,中華航空,KIX,20240116,950,230,1320,1875
30464,長榮航空,KIX,20240116,830,225,1155,1876
7497,Thai VietJet Air,KIX,20240117,750,225,1115,1877
9806,國泰航空,KIX,20240117,1115,230,1445,1878
8393,台灣虎航,KIX,20240117,1205,225,1530,1879
9010,樂桃,KIX,20240117,1055,230,1425,1880
13169,STARLUX Airlines星宇航空,KIX,20240117,920,230,1250,1881
13169,STARLUX Airlines星宇航空,KIX,20240117,740,230,1110,1882
9010,樂桃,KIX,20240117,1425,230,1755,1883
14142,長榮航空,KIX,20240117,630,225,955,1884
15914,中華航空,KIX,20240117,950,230,1320,1885
15914,中華航空,KIX,20240117,810,225,1135,1886
9010,樂桃,KIX,20240117,1840,230,2210,1887
14048,中華航空,KIX,20240117,1420,225,1745,1888
14142,長榮航空,KIX,20240117,1300,225,1625,1889
18358,長榮航空,KIX,20240117,830,225,1155,1890
23796,中華航空,KIX,20240117,950,230,1320,1891
23796,中華航空,KIX,20240117,810,225,1135,1892
23796,中華航空,KIX,20240117,1420,225,1745,1893
30207,長榮航空,KIX,20240117,830,225,1155,1894
30207,長榮航空,KIX,20240117,1300,225,1625,1895
30207,長榮航空,KIX,20240117,630,225,955,1896
6573,Thai VietJet Air,KIX,20240118,750,225,1115,1897
7862,馬印航空,KIX,20240118,715,220,1035,1898
9806,國泰航空,KIX,20240118,1115,230,1445,1899
9010,樂桃,KIX,20240118,1055,230,1425,1900
10513,台灣虎航,KIX,20240118,700,225,1025,1901
8368,樂桃,KIX,20240118,1425,230,1755,1902
14142,長榮航空,KIX,20240118,830,225,1155,1903
15636,STARLUX Airlines星宇航空,KIX,20240118,920,230,1250,1904
13446,日本航空,KIX,20240118,1325,230,1655,1905
17516,中華航空,KIX,20240118,950,230,1320,1906
18334,中華航空,KIX,20240118,810,225,1135,1907
10010,樂桃,KIX,20240118,1840,230,2210,1908
18403,日本航空,KIX,20240118,1325,230,1655,1909
18214,長榮航空,KIX,20240118,1300,225,1625,1910
20997,中華航空,KIX,20240118,1420,225,1745,1911
21304,長榮航空,KIX,20240118,630,225,955,1912
21304,中華航空,KIX,20240118,950,230,1320,1913
23796,中華航空,KIX,20240118,810,225,1135,1914
23796,中華航空,KIX,20240118,1420,225,1745,1915
25246,STARLUX Airlines星宇航空,KIX,20240118,740,230,1110,1916
30207,長榮航空,KIX,20240118,630,225,955,1917
30207,長榮航空,KIX,20240118,830,225,1155,1918
9941,國泰航空,KIX,20240119,1115,230,1445,1919
9675,樂桃,KIX,20240119,1055,230,1425,1920
9885,Thai VietJet Air,KIX,20240119,635,225,1000,1921
10439,台灣虎航,KIX,20240119,1205,225,1530,1922
13173,長榮航空,KIX,20240119,630,225,955,1923
13141,日本航空,KIX,20240119,1325,230,1655,1924
10010,樂桃,KIX,20240119,1425,230,1755,1925
9010,樂桃,KIX,20240119,1840,230,2210,1926
15636,STARLUX Airlines,KIX,20240119,740,230,1110,1927
13011,馬印航空,KIX,20240119,715,220,1035,1928
17516,中華航空,KIX,20240119,950,230,1320,1929
17516,中華航空,KIX,20240119,810,225,1135,1930
18091,STARLUX Airlines,KIX,20240119,920,230,1250,1931
14199,台灣虎航,KIX,20240119,700,225,1025,1932
18214,長榮航空,KIX,20240119,830,225,1155,1933
18403,日本航空,KIX,20240119,1325,230,1655,1934
18214,長榮航空,KIX,20240119,1300,225,1625,1935
24204,中華航空,KIX,20240119,1420,225,1745,1936
23796,中華航空,KIX,20240119,810,225,1135,1937
24307,中華航空,KIX,20240119,950,230,1320,1938
30207,長榮航空,KIX,20240119,1300,225,1625,1939
30207,長榮航空,KIX,20240119,630,225,955,1940
42437,長榮航空,KIX,20240119,830,225,1155,1941
50518,中華航空,KIX,20240119,1420,225,1745,1942
10513,台灣虎航,KIX,20240120,1205,225,1530,1943
12173,Thai VietJet Air,KIX,20240120,635,225,1000,1944
13929,國泰航空,KIX,20240120,1115,230,1445,1945
12939,樂桃,KIX,20240120,1040,230,1410,1946
14254,馬印航空,KIX,20240120,715,220,1035,1947
21580,STARLUX Airlines星宇航空,KIX,20240120,920,230,1250,1948
22254,長榮航空,KIX,20240120,830,225,1155,1949
22254,長榮航空,KIX,20240120,630,225,955,1950
11688,樂桃,KIX,20240120,1840,230,2210,1951
15380,樂桃,KIX,20240120,1425,230,1755,1952
23320,長榮航空,KIX,20240120,830,225,1155,1953
23547,長榮航空,KIX,20240120,1300,225,1625,1954
28634,中華航空,KIX,20240120,950,230,1320,1955
23320,全日空,KIX,20240120,630,225,955,1956
29941,中華航空,KIX,20240120,810,225,1135,1957
28634,中華航空,KIX,20240120,1420,225,1745,1958
31490,長榮航空,KIX,20240120,1300,225,1625,1959
28634,中華航空,KIX,20240120,820,240,1200,1960
30747,STARLUX Airlines星宇航空,KIX,20240120,740,230,1110,1961
50518,中華航空,KIX,20240120,810,225,1135,1962
50518,中華航空,KIX,20240120,950,230,1320,1963
10299,台灣虎航,KIX,20240121,700,225,1025,1964
10422,Thai VietJet Air,KIX,20240121,750,225,1115,1965
12940,長榮航空,KIX,20240121,830,225,1155,1966
11695,馬印航空,KIX,20240121,715,220,1035,1967
13752,國泰航空,KIX,20240121,1115,230,1445,1968
15636,STARLUX Airlines星宇航空,KIX,20240121,740,230,1110,1969
15385,長榮航空,KIX,20240121,630,225,955,1970
15835,長榮航空,KIX,20240121,1300,225,1625,1971
10205,樂桃,KIX,20240121,1840,230,2210,1972
12410,樂桃,KIX,20240121,1425,230,1755,1973
15380,樂桃,KIX,20240121,1055,230,1425,1974
21378,STARLUX Airlines星宇航空,KIX,20240121,920,230,1250,1975
21616,中華航空,KIX,20240121,810,225,1135,1976
23796,中華航空,KIX,20240121,810,225,1135,1977
25779,中華航空,KIX,20240121,950,230,1320,1978
23370,中華航空,KIX,20240121,1420,225,1745,1979
30207,長榮航空,KIX,20240121,1300,225,1625,1980
30207,長榮航空,KIX,20240121,630,225,955,1981
30207,長榮航空,KIX,20240121,830,225,1155,1982
50765,中華航空,KIX,20240121,1420,225,1745,1983
50466,中華航空,KIX,20240121,950,230,1320,1984
9941,國泰航空,KIX,20240122,1115,230,1445,1985
10598,台灣虎航,KIX,20240122,1205,225,1530,1986
11948,長榮航空,KIX,20240122,1300,225,1625,1987
11199,台灣虎航,KIX,20240122,700,225,1025,1988
10932,樂桃,KIX,20240122,1055,230,1425,1989
14282,STARLUX Airlines,KIX,20240122,740,230,1110,1990
10010,樂桃,KIX,20240122,1425,230,1755,1991
15385,長榮航空,KIX,20240122,830,225,1155,1992
14670,長榮航空,KIX,20240122,630,225,955,1993
11540,Thai VietJet Air,KIX,20240122,635,225,1000,1994
12955,馬印航空,KIX,20240122,715,220,1035,1995
13940,日本航空,KIX,20240122,1325,230,1655,1996
17009,中華航空,KIX,20240122,810,225,1135,1997
10283,樂桃,KIX,20240122,1840,230,2210,1998
18759,中華航空,KIX,20240122,950,230,1320,1999
18759,中華航空,KIX,20240122,1420,225,1745,2000
21378,STARLUX Airlines,KIX,20240122,920,230,1250,2001
19665,日本航空,KIX,20240122,1325,230,1655,2002
23796,中華航空,KIX,20240122,810,225,1135,2003
23796,中華航空,KIX,20240122,1420,225,1745,2004
23796,中華航空,KIX,20240122,950,230,1320,2005
30207,長榮航空,KIX,20240122,1300,225,1625,2006
30207,長榮航空,KIX,20240122,830,225,1155,2007
30207,長榮航空,KIX,20240122,630,225,955,2008
8199,台灣虎航,KIX,20240123,1205,225,1530,2009
9941,國泰航空,KIX,20240123,1115,230,1445,2010
11491,長榮航空,KIX,20240123,830,225,1155,2011
11948,長榮航空,KIX,20240123,630,225,955,2012
10299,台灣虎航,KIX,20240123,700,225,1025,2013
13167,STARLUX Airlines,KIX,20240123,740,230,1110,2014
11948,長榮航空,KIX,20240123,1300,225,1625,2015
13881,STARLUX Airlines,KIX,20240123,920,230,1250,2016
10055,Thai VietJet Air,KIX,20240123,635,225,1000,2017
9010,樂桃,KIX,20240123,1425,230,1755,2018
14546,中華航空,KIX,20240123,810,225,1135,2019
11637,馬印航空,KIX,20240123,715,220,1035,2020
12913,日本航空,KIX,20240123,1325,230,1655,2021
15183,中華航空,KIX,20240123,950,230,1320,2022
11210,樂桃,KIX,20240123,1055,230,1425,2023
13967,中華航空,KIX,20240123,1420,225,1745,2024
19696,日本航空,KIX,20240123,1325,230,1655,2025
11210,樂桃,KIX,20240123,1840,230,2210,2026
23796,中華航空,KIX,20240123,810,225,1135,2027
23796,中華航空,KIX,20240123,1420,225,1745,2028
23796,中華航空,KIX,20240123,950,230,1320,2029
30648,長榮航空,KIX,20240123,630,225,955,2030
30648,長榮航空,KIX,20240123,830,225,1155,2031
30648,長榮航空,KIX,20240123,1300,225,1625,2032
30648,全日空,KIX,20240123,630,225,955,2033
30648,全日空,KIX,20240123,830,225,1155,2034
30648,全日空,KIX,20240123,1300,225,1625,2035
9941,國泰航空,KIX,20240124,1115,230,1445,2036
8497,台灣虎航,KIX,20240124,1205,225,1530,2037
9050,馬印航空,KIX,20240124,715,220,1035,2038
12222,STARLUX Airlines星宇航空,KIX,20240124,920,230,1250,2039
11105,長榮航空,KIX,20240124,1300,225,1625,2040
11948,長榮航空,KIX,20240124,630,225,955,2041
11418,台灣虎航,KIX,20240124,700,225,1025,2042
14335,STARLUX Airlines星宇航空,KIX,20240124,740,230,1110,2043
14546,中華航空,KIX,20240124,810,225,1135,2044
14546,中華航空,KIX,20240124,950,230,1320,2045
11210,樂桃,KIX,20240124,1055,230,1425,2046
14416,長榮航空,KIX,20240124,830,225,1155,2047
10010,樂桃,KIX,20240124,1840,230,2210,2048
15291,中華航空,KIX,20240124,1420,225,1745,2049
23796,中華航空,KIX,20240124,810,225,1135,2050
23796,中華航空,KIX,20240124,950,230,1320,2051
15380,樂桃,KIX,20240124,1425,230,1755,2052
23796,中華航空,KIX,20240124,1420,225,1745,2053
30207,長榮航空,KIX,20240124,1300,225,1625,2054
30207,長榮航空,KIX,20240124,630,225,955,2055
30207,長榮航空,KIX,20240124,830,225,1155,2056
9941,國泰航空,KIX,20240125,1115,230,1445,2057
11105,長榮航空,KIX,20240125,630,225,955,2058
11042,日本航空,KIX,20240125,1325,230,1655,2059
14308,STARLUX Airlines,KIX,20240125,740,230,1110,2060
11497,台灣虎航,KIX,20240125,700,225,1025,2061
15183,中華航空,KIX,20240125,950,230,1320,2062
14416,長榮航空,KIX,20240125,830,225,1155,2063
15183,中華航空,KIX,20240125,810,225,1135,2064
11210,樂桃,KIX,20240125,1055,230,1425,2065
15183,中華航空,KIX,20240125,1420,225,1745,2066
14670,長榮航空,KIX,20240125,1300,225,1625,2067
13119,馬印航空,KIX,20240125,715,220,1035,2068
10454,樂桃,KIX,20240125,1425,230,1755,2069
13106,Thai VietJet Air,KIX,20240125,750,225,1115,2070
19216,STARLUX Airlines,KIX,20240125,920,230,1250,2071
19665,日本航空,KIX,20240125,1325,230,1655,2072
11210,樂桃,KIX,20240125,1840,230,2210,2073
23796,中華航空,KIX,20240125,950,230,1320,2074
23796,中華航空,KIX,20240125,810,225,1135,2075
23796,中華航空,KIX,20240125,1420,225,1745,2076
30207,長榮航空,KIX,20240125,630,225,955,2077
30207,長榮航空,KIX,20240125,1300,225,1625,2078
30207,長榮航空,KIX,20240125,830,225,1155,2079
9941,國泰航空,KIX,20240126,1115,230,1445,2080
8199,台灣虎航,KIX,20240126,1205,225,1530,2081
12163,長榮航空,KIX,20240126,830,225,1155,2082
11948,長榮航空,KIX,20240126,630,225,955,2083
13162,STARLUX Airlines,KIX,20240126,920,230,1250,2084
10347,馬印航空,KIX,20240126,715,220,1035,2085
10283,樂桃,KIX,20240126,1055,230,1425,2086
11199,台灣虎航,KIX,20240126,700,225,1025,2087
12370,日本航空,KIX,20240126,1325,230,1655,2088
14195,STARLUX Airlines,KIX,20240126,740,230,1110,2089
17009,中華航空,KIX,20240126,950,230,1320,2090
12930,Thai VietJet Air,KIX,20240126,635,225,1000,2091
17009,中華航空,KIX,20240126,1420,225,1745,2092
10302,樂桃,KIX,20240126,1840,230,2210,2093
11643,樂桃,KIX,20240126,1425,230,1755,2094
19665,日本航空,KIX,20240126,1325,230,1655,2095
21616,中華航空,KIX,20240126,810,225,1135,2096
19371,長榮航空,KIX,20240126,1300,225,1625,2097
23796,中華航空,KIX,20240126,950,230,1320,2098
23939,中華航空,KIX,20240126,810,225,1135,2099
23796,中華航空,KIX,20240126,1420,225,1745,2100
30207,長榮航空,KIX,20240126,830,225,1155,2101
30207,長榮航空,KIX,20240126,630,225,955,2102
30207,長榮航空,KIX,20240126,1300,225,1625,2103
10368,Thai VietJet Air,KIX,20240127,635,225,1000,2104
10299,台灣虎航,KIX,20240127,1205,225,1530,2105
7210,樂桃,KIX,20240127,1840,230,2210,2106
11638,樂桃,KIX,20240127,1040,230,1410,2107
15629,STARLUX Airlines,KIX,20240127,740,230,1110,2108
14199,台灣虎航,KIX,20240127,700,225,1025,2109
14295,馬印航空,KIX,20240127,715,220,1035,2110
18750,中華航空,KIX,20240127,950,230,1320,2111
20040,長榮航空,KIX,20240127,830,225,1155,2112
19131,長榮航空,KIX,20240127,630,225,955,2113
21606,中華航空,KIX,20240127,810,225,1135,2114
21369,STARLUX Airlines,KIX,20240127,920,230,1250,2115
18750,中華航空,KIX,20240127,1420,225,1745,2116
19364,長榮航空,KIX,20240127,1300,225,1625,2117
13401,樂桃,KIX,20240127,1425,230,1755,2118
23786,中華航空,KIX,20240127,810,225,1135,2119
23786,中華航空,KIX,20240127,950,230,1320,2120
21041,國泰航空,KIX,20240127,1115,230,1445,2121
23786,中華航空,KIX,20240127,1420,225,1745,2122
30654,長榮航空,KIX,20240127,630,225,955,2123
42046,長榮航空,KIX,20240127,830,225,1155,2124
9941,國泰航空,KIX,20240128,1115,230,1445,2125
8582,Thai VietJet Air,KIX,20240128,750,225,1115,2126
9095,馬印航空,KIX,20240128,715,220,1035,2127
10299,台灣虎航,KIX,20240128,700,225,1025,2128
12145,長榮航空,KIX,20240128,830,225,1155,2129
13162,STARLUX Airlines星宇航空,KIX,20240128,920,230,1250,2130
13162,STARLUX Airlines星宇航空,KIX,20240128,740,230,1110,2131
14450,中華航空,KIX,20240128,950,230,1320,2132
15378,長榮航空,KIX,20240128,630,225,955,2133
17001,中華航空,KIX,20240128,810,225,1135,2134
15378,長榮航空,KIX,20240128,1300,225,1625,2135
11638,樂桃,KIX,20240128,1425,230,1755,2136
13810,樂桃,KIX,20240128,1055,230,1425,2137
21606,中華航空,KIX,20240128,1420,225,1745,2138
23786,中華航空,KIX,20240128,810,225,1135,2139
23786,中華航空,KIX,20240128,950,230,1320,2140
15380,樂桃,KIX,20240128,1840,230,2210,2141
23786,中華航空,KIX,20240128,1420,225,1745,2142
30194,長榮航空,KIX,20240128,630,225,955,2143
30194,長榮航空,KIX,20240128,1300,225,1625,2144
30194,長榮航空,KIX,20240128,830,225,1155,2145
6773,馬印航空,KIX,20240129,715,220,1035,2146
6463,Thai VietJet Air,KIX,20240129,635,225,1000,2147
7210,樂桃,KIX,20240129,1055,230,1425,2148
7493,台灣虎航,KIX,20240129,1205,225,1530,2149
8393,台灣虎航,KIX,20240129,700,225,1025,2150
9941,國泰航空,KIX,20240129,1115,230,1445,2151
11002,中華航空,KIX,20240129,810,225,1135,2152
7490,樂桃,KIX,20240129,1425,230,1755,2153
11126,中華航空,KIX,20240129,1420,225,1745,2154
11943,長榮航空,KIX,20240129,630,225,955,2155
13162,STARLUX Airlines星宇航空,KIX,20240129,920,230,1250,2156
11943,長榮航空,KIX,20240129,1300,225,1625,2157
8320,樂桃,KIX,20240129,1840,230,2210,2158
12478,日本航空,KIX,20240129,1325,230,1655,2159
14190,STARLUX Airlines星宇航空,KIX,20240129,740,230,1110,2160
14409,長榮航空,KIX,20240129,830,225,1155,2161
17109,中華航空,KIX,20240129,950,230,1320,2162
19665,日本航空,KIX,20240129,1325,230,1655,2163
23786,中華航空,KIX,20240129,810,225,1135,2164
23786,中華航空,KIX,20240129,1420,225,1745,2165
23786,中華航空,KIX,20240129,950,230,1320,2166
30194,長榮航空,KIX,20240129,1300,225,1625,2167
30194,長榮航空,KIX,20240129,830,225,1155,2168
30194,長榮航空,KIX,20240129,630,225,955,2169
6699,台灣虎航,KIX,20240130,700,225,1025,2170
6136,Thai VietJet Air,KIX,20240130,635,225,1000,2171
6695,馬印航空,KIX,20240130,715,220,1035,2172
7299,台灣虎航,KIX,20240130,1205,225,1530,2173
7210,樂桃,KIX,20240130,1055,230,1425,2174
10311,STARLUX Airlines,KIX,20240130,920,230,1250,2175
10313,STARLUX Airlines,KIX,20240130,740,230,1110,2176
9941,國泰航空,KIX,20240130,1115,230,1445,2177
10553,長榮航空,KIX,20240130,830,225,1155,2178
11002,中華航空,KIX,20240130,950,230,1320,2179
11002,中華航空,KIX,20240130,810,225,1135,2180
10553,長榮航空,KIX,20240130,630,225,955,2181
10375,中華航空,KIX,20240130,1420,225,1745,2182
7210,樂桃,KIX,20240130,1840,230,2210,2183
10553,長榮航空,KIX,20240130,1300,225,1625,2184
8010,樂桃,KIX,20240130,1425,230,1755,2185
12248,日本航空,KIX,20240130,1325,230,1655,2186
19665,日本航空,KIX,20240130,1325,230,1655,2187
23786,中華航空,KIX,20240130,810,225,1135,2188
23786,中華航空,KIX,20240130,1420,225,1745,2189
23786,中華航空,KIX,20240130,950,230,1320,2190
30194,長榮航空,KIX,20240130,1300,225,1625,2191
30194,長榮航空,KIX,20240130,830,225,1155,2192
30194,長榮航空,KIX,20240130,630,225,955,2193
6892,台灣虎航,KIX,20240131,1205,225,1530,2194
9226,國泰航空,KIX,20240131,1115,230,1445,2195
7862,馬印航空,KIX,20240131,715,220,1035,2196
8393,台灣虎航,KIX,20240131,700,225,1025,2197
10172,長榮航空,KIX,20240131,830,225,1155,2198
10172,長榮航空,KIX,20240131,630,225,955,2199
10172,長榮航空,KIX,20240131,1300,225,1625,2200
11140,長榮航空,KIX,20240131,830,225,1155,2201
10369,中華航空,KIX,20240131,1420,225,1745,2202
12167,STARLUX Airlines,KIX,20240131,740,230,1110,2203
11140,長榮航空,KIX,20240131,630,225,955,2204
7409,樂桃,KIX,20240131,1840,230,2210,2205
13078,STARLUX Airlines,KIX,20240131,920,230,1250,2206
10010,樂桃,KIX,20240131,1055,230,1425,2207
11140,長榮航空,KIX,20240131,1300,225,1625,2208
14517,中華航空,KIX,20240131,810,225,1135,2209
9010,樂桃,KIX,20240131,1425,230,1755,2210
17001,中華航空,KIX,20240131,950,230,1320,2211
23786,中華航空,KIX,20240131,1420,225,1745,2212
23786,中華航空,KIX,20240131,810,225,1135,2213
23786,中華航空,KIX,20240131,950,230,1320,2214
5692,Thai VietJet Air,KIX,20240201,750,225,1115,2215
7862,馬印航空,KIX,20240201,715,220,1035,2216
5810,樂桃,KIX,20240201,1840,230,2210,2217
8393,台灣虎航,KIX,20240201,700,225,1025,2218
9941,國泰航空,KIX,20240201,1115,230,1445,2219
8010,樂桃,KIX,20240201,1055,230,1425,2220
7210,樂桃,KIX,20240201,1425,230,1755,2221
12324,日本航空,KIX,20240201,1325,230,1655,2222
15513,中華航空,KIX,20240201,810,225,1135,2223
15513,中華航空,KIX,20240201,950,230,1320,2224
15481,STARLUX Airlines星宇航空,KIX,20240201,740,230,1110,2225
13974,中華航空,KIX,20240201,1420,225,1745,2226
14422,長榮航空,KIX,20240201,1300,225,1625,2227
17753,STARLUX Airlines星宇航空,KIX,20240201,920,230,1250,2228
19149,長榮航空,KIX,20240201,830,225,1155,2229
19665,日本航空,KIX,20240201,1325,230,1655,2230
22057,長榮航空,KIX,20240201,630,225,955,2231
23807,中華航空,KIX,20240201,810,225,1135,2232
23807,中華航空,KIX,20240201,1420,225,1745,2233
23807,中華航空,KIX,20240201,950,230,1320,2234
30634,長榮航空,KIX,20240201,1300,225,1625,2235
30634,長榮航空,KIX,20240201,830,225,1155,2236
30634,長榮航空,KIX,20240201,630,225,955,2237
5171,Thai VietJet Air,KIX,20240202,635,225,1000,2238
6773,馬印航空,KIX,20240202,715,220,1035,2239
6577,樂桃,KIX,20240202,1055,230,1425,2240
9226,國泰航空,KIX,20240202,1115,230,1445,2241
8393,台灣虎航,KIX,20240202,700,225,1025,2242
8393,台灣虎航,KIX,20240202,1205,225,1530,2243
7210,樂桃,KIX,20240202,1425,230,1755,2244
11496,長榮航空,KIX,20240202,630,225,955,2245
12448,中華航空,KIX,20240202,810,225,1135,2246
7210,樂桃,KIX,20240202,1840,230,2210,2247
13435,長榮航空,KIX,20240202,830,225,1155,2248
12324,日本航空,KIX,20240202,1325,230,1655,2249
15610,中華航空,KIX,20240202,950,230,1320,2250
15591,STARLUX Airlines星宇航空,KIX,20240202,740,230,1110,2251
17909,STARLUX Airlines星宇航空,KIX,20240202,920,230,1250,2252
17491,中華航空,KIX,20240202,1420,225,1745,2253
18171,長榮航空,KIX,20240202,1300,225,1625,2254
19665,日本航空,KIX,20240202,1325,230,1655,2255
24143,中華航空,KIX,20240202,1420,225,1745,2256
24143,中華航空,KIX,20240202,810,225,1135,2257
24143,中華航空,KIX,20240202,950,230,1320,2258
30357,長榮航空,KIX,20240202,830,225,1155,2259
30357,長榮航空,KIX,20240202,630,225,955,2260
30357,長榮航空,KIX,20240202,1300,225,1625,2261
30357,長榮航空,KIX,20240202,1325,230,1655,2262
9806,國泰航空,KIX,20240203,1115,230,1445,2263
8192,樂桃,KIX,20240203,1040,230,1410,2264
8748,Thai VietJet Air,KIX,20240203,635,225,1000,2265
8393,台灣虎航,KIX,20240203,1205,225,1530,2266
9159,馬印航空,KIX,20240203,715,220,1035,2267
10422,中華航空,KIX,20240203,1420,225,1745,2268
11497,台灣虎航,KIX,20240203,700,225,1025,2269
8010,樂桃,KIX,20240203,1425,230,1755,2270
14202,STARLUX Airlines星宇航空,KIX,20240203,740,230,1110,2271
8010,樂桃,KIX,20240203,1840,230,2210,2272
15513,中華航空,KIX,20240203,950,230,1320,2273
17753,STARLUX Airlines星宇航空,KIX,20240203,920,230,1250,2274
19371,長榮航空,KIX,20240203,830,225,1155,2275
21500,中華航空,KIX,20240203,810,225,1135,2276
19149,長榮航空,KIX,20240203,1300,225,1625,2277
22057,長榮航空,KIX,20240203,630,225,955,2278
23807,中華航空,KIX,20240203,810,225,1135,2279
30357,長榮航空,KIX,20240203,630,225,955,2280
30357,長榮航空,KIX,20240203,1300,225,1625,2281
30357,長榮航空,KIX,20240203,830,225,1155,2282
50765,中華航空,KIX,20240203,950,230,1320,2283
6554,樂桃,KIX,20240204,1055,230,1425,2284
7299,台灣虎航,KIX,20240204,700,225,1025,2285
7862,馬印航空,KIX,20240204,715,220,1035,2286
9816,國泰航空,KIX,20240204,1115,230,1445,2287
10317,STARLUX Airlines星宇航空,KIX,20240204,920,230,1250,2288
8012,Thai VietJet Air,KIX,20240204,750,225,1115,2289
7210,樂桃,KIX,20240204,1425,230,1755,2290
11002,中華航空,KIX,20240204,950,230,1320,2291
11002,中華航空,KIX,20240204,810,225,1135,2292
10562,長榮航空,KIX,20240204,630,225,955,2293
10375,中華航空,KIX,20240204,1420,225,1745,2294
12161,STARLUX Airlines星宇航空,KIX,20240204,740,230,1110,2295
8192,樂桃,KIX,20240204,1840,230,2210,2296
11954,長榮航空,KIX,20240204,1300,225,1625,2297
14422,長榮航空,KIX,20240204,830,225,1155,2298
23807,中華航空,KIX,20240204,810,225,1135,2299
23807,中華航空,KIX,20240204,950,230,1320,2300
23807,中華航空,KIX,20240204,1420,225,1745,2301
30648,長榮航空,KIX,20240204,1300,225,1625,2302
30648,長榮航空,KIX,20240204,630,225,955,2303
30688,長榮航空,KIX,20240204,830,225,1155,2304
5171,Thai VietJet Air,KIX,20240205,635,225,1000,2305
6695,馬印航空,KIX,20240205,715,220,1035,2306
5810,樂桃,KIX,20240205,1425,230,1755,2307
7299,台灣虎航,KIX,20240205,700,225,1025,2308
9000,STARLUX Airlines星宇航空,KIX,20240205,920,230,1250,2309
7299,台灣虎航,KIX,20240205,1235,225,1600,2310
8519,日本航空,KIX,20240205,1325,230,1655,2311
9592,STARLUX Airlines星宇航空,KIX,20240205,740,230,1110,2312
9806,國泰航空,KIX,20240205,1115,230,1445,2313
8010,樂桃,KIX,20240205,1055,230,1425,2314
6410,樂桃,KIX,20240205,1840,230,2210,2315
11036,中華航空,KIX,20240205,810,225,1135,2316
11036,中華航空,KIX,20240205,950,230,1320,2317
10562,長榮航空,KIX,20240205,630,225,955,2318
10422,中華航空,KIX,20240205,1420,225,1745,2319
11954,長榮航空,KIX,20240205,830,225,1155,2320
11110,長榮航空,KIX,20240205,1300,225,1625,2321
19665,日本航空,KIX,20240205,1325,230,1655,2322
23807,中華航空,KIX,20240205,810,225,1135,2323
23807,中華航空,KIX,20240205,1420,225,1745,2324
23807,中華航空,KIX,20240205,950,230,1320,2325
30653,長榮航空,KIX,20240205,630,225,955,2326
30653,長榮航空,KIX,20240205,830,225,1155,2327
30653,長榮航空,KIX,20240205,1300,225,1625,2328
9102,STARLUX Airlines,KIX,20240206,920,230,1250,2329
7299,台灣虎航,KIX,20240206,1205,225,1530,2330
7210,樂桃,KIX,20240206,1055,230,1425,2331
9637,STARLUX Airlines,KIX,20240206,740,230,1110,2332
9784,國泰航空,KIX,20240206,1115,230,1445,2333
7862,馬印航空,KIX,20240206,715,220,1035,2334
7613,Thai VietJet Air,KIX,20240206,635,225,1000,2335
6410,樂桃,KIX,20240206,1840,230,2210,2336
10562,長榮航空,KIX,20240206,830,225,1155,2337
7210,樂桃,KIX,20240206,1425,230,1755,2338
11002,中華航空,KIX,20240206,950,230,1320,2339
10562,長榮航空,KIX,20240206,630,225,955,2340
9260,台灣虎航,KIX,20240206,700,225,1025,2341
11316,中華航空,KIX,20240206,810,225,1135,2342
10375,中華航空,KIX,20240206,1420,225,1745,2343
10562,長榮航空,KIX,20240206,1300,225,1625,2344
12428,日本航空,KIX,20240206,1325,230,1655,2345
19665,日本航空,KIX,20240206,1325,230,1655,2346
23807,中華航空,KIX,20240206,950,230,1320,2347
23939,中華航空,KIX,20240206,810,225,1135,2348
23807,中華航空,KIX,20240206,1420,225,1745,2349
8393,台灣虎航,KIX,20240207,700,225,1025,2350
8393,台灣虎航,KIX,20240207,1235,225,1600,2351
8586,Thai VietJet Air,KIX,20240207,750,225,1115,2352
11725,STARLUX Airlines星宇航空,KIX,20240207,920,230,1250,2353
8010,樂桃,KIX,20240207,1425,230,1755,2354
11838,國泰航空,KIX,20240207,1115,230,1445,2355
11321,長榮航空,KIX,20240207,1300,225,1625,2356
10010,樂桃,KIX,20240207,1055,230,1425,2357
10395,馬印航空,KIX,20240207,715,220,1035,2358
13143,中華航空,KIX,20240207,950,230,1320,2359
8233,樂桃,KIX,20240207,1840,230,2210,2360
12474,中華航空,KIX,20240207,1420,225,1745,2361
15235,STARLUX Airlines星宇航空,KIX,20240207,740,230,1110,2362
15513,中華航空,KIX,20240207,810,225,1135,2363
16025,長榮航空,KIX,20240207,630,225,955,2364
23807,中華航空,KIX,20240207,810,225,1135,2365
23807,中華航空,KIX,20240207,950,230,1320,2366
24198,長榮航空,KIX,20240207,830,225,1155,2367
23807,中華航空,KIX,20240207,1420,225,1745,2368
14615,STARLUX Airlines,KIX,20240208,920,230,1250,2369
14405,國泰航空,KIX,20240208,1115,230,1445,2370
10010,樂桃,KIX,20240208,1840,230,2210,2371
15513,中華航空,KIX,20240208,1420,225,1745,2372
18305,中華航空,KIX,20240208,950,230,1320,2373
20230,STARLUX Airlines,KIX,20240208,740,230,1110,2374
18220,長榮航空,KIX,20240208,1300,225,1625,2375
17080,馬印航空,KIX,20240208,715,220,1035,2376
19543,日本航空,KIX,20240208,1325,230,1655,2377
23807,中華航空,KIX,20240208,950,230,1320,2378
23807,中華航空,KIX,20240208,810,225,1135,2379
15380,樂桃,KIX,20240208,1425,230,1755,2380
25437,中華航空,KIX,20240208,810,225,1135,2381
25428,長榮航空,KIX,20240208,830,225,1155,2382
22502,日本航空,KIX,20240208,1325,230,1655,2383
25428,長榮航空,KIX,20240208,630,225,955,2384
19940,樂桃,KIX,20240208,1055,230,1425,2385
23807,中華航空,KIX,20240208,1420,225,1745,2386
8159,樂桃,KIX,20240209,1425,230,1755,2387
13430,STARLUX Airlines星宇航空,KIX,20240209,740,230,1110,2388
8010,樂桃,KIX,20240209,1840,230,2210,2389
14615,STARLUX Airlines星宇航空,KIX,20240209,920,230,1250,2390
13888,長榮航空,KIX,20240209,630,225,955,2391
14696,中華航空,KIX,20240209,950,230,1320,2392
13401,日本航空,KIX,20240209,1325,230,1655,2393
14399,國泰航空,KIX,20240209,1115,230,1445,2394
13516,長榮航空,KIX,20240209,1300,225,1625,2395
14400,中華航空,KIX,20240209,1420,225,1745,2396
12410,樂桃,KIX,20240209,1055,230,1425,2397
17349,中華航空,KIX,20240209,810,225,1135,2398
16199,台灣虎航,KIX,20240209,1205,225,1530,2399
23807,中華航空,KIX,20240209,950,230,1320,2400
23807,中華航空,KIX,20240209,810,225,1135,2401
22502,日本航空,KIX,20240209,1325,230,1655,2402
25418,長榮航空,KIX,20240209,830,225,1155,2403
21469,馬印航空,KIX,20240209,715,220,1035,2404
23807,中華航空,KIX,20240209,1420,225,1745,2405
10241,樂桃,KIX,20240210,1040,230,1410,2406
10513,台灣虎航,KIX,20240210,1205,225,1530,2407
14399,國泰航空,KIX,20240210,1115,230,1445,2408
14696,中華航空,KIX,20240210,950,230,1320,2409
15140,長榮航空,KIX,20240210,830,225,1155,2410
8159,樂桃,KIX,20240210,1840,230,2210,2411
13516,長榮航空,KIX,20240210,1300,225,1625,2412
16473,STARLUX Airlines星宇航空,KIX,20240210,920,230,1250,2413
10010,樂桃,KIX,20240210,1425,230,1755,2414
14512,中華航空,KIX,20240210,1420,225,1745,2415
17349,中華航空,KIX,20240210,810,225,1135,2416
18327,STARLUX Airlines星宇航空,KIX,20240210,740,230,1110,2417
18220,長榮航空,KIX,20240210,630,225,955,2418
23807,中華航空,KIX,20240210,950,230,1320,2419
23807,中華航空,KIX,20240210,810,225,1135,2420
19883,馬印航空,KIX,20240210,715,220,1035,2421
23807,中華航空,KIX,20240210,1420,225,1745,2422
8393,台灣虎航,KIX,20240211,700,225,1025,2423
8159,樂桃,KIX,20240211,1055,230,1425,2424
11772,STARLUX Airlines星宇航空,KIX,20240211,920,230,1250,2425
8010,樂桃,KIX,20240211,1425,230,1755,2426
9159,馬印航空,KIX,20240211,715,220,1035,2427
11310,長榮航空,KIX,20240211,1300,225,1625,2428
12575,長榮航空,KIX,20240211,830,225,1155,2429
8010,樂桃,KIX,20240211,1840,230,2210,2430
13185,國泰航空,KIX,20240211,1115,230,1445,2431
12575,長榮航空,KIX,20240211,630,225,955,2432
15405,中華航空,KIX,20240211,810,225,1135,2433
16122,中華航空,KIX,20240211,950,230,1320,2434
15405,中華航空,KIX,20240211,1420,225,1745,2435
17297,STARLUX Airlines星宇航空,KIX,20240211,740,230,1110,2436
23786,中華航空,KIX,20240211,810,225,1135,2437
23786,中華航空,KIX,20240211,950,230,1320,2438
23786,中華航空,KIX,20240211,1420,225,1745,2439
7493,台灣虎航,KIX,20240212,1235,225,1600,2440
8199,台灣虎航,KIX,20240212,700,225,1025,2441
9806,國泰航空,KIX,20240212,1115,230,1445,2442
7862,馬印航空,KIX,20240212,715,220,1035,2443
8010,樂桃,KIX,20240212,1055,230,1425,2444
8615,Thai VietJet Air,KIX,20240212,635,225,1000,2445
11943,長榮航空,KIX,20240212,630,225,955,2446
12330,日本航空,KIX,20240212,1325,230,1655,2447
13961,中華航空,KIX,20240212,950,230,1320,2448
13961,中華航空,KIX,20240212,810,225,1135,2449
14190,STARLUX Airlines,KIX,20240212,920,230,1250,2450
14409,長榮航空,KIX,20240212,830,225,1155,2451
9010,樂桃,KIX,20240212,1840,230,2210,2452
10010,樂桃,KIX,20240212,1425,230,1755,2453
14539,中華航空,KIX,20240212,1420,225,1745,2454
18091,STARLUX Airlines,KIX,20240212,740,230,1110,2455
19131,長榮航空,KIX,20240212,1300,225,1625,2456
19665,日本航空,KIX,20240212,1325,230,1655,2457
23786,中華航空,KIX,20240212,950,230,1320,2458
23786,中華航空,KIX,20240212,810,225,1135,2459
23786,中華航空,KIX,20240212,1420,225,1745,2460
6410,樂桃,KIX,20240213,1055,230,1425,2461
6699,台灣虎航,KIX,20240213,1205,225,1530,2462
5210,樂桃,KIX,20240213,1840,230,2210,2463
6695,馬印航空,KIX,20240213,715,220,1035,2464
5810,樂桃,KIX,20240213,1425,230,1755,2465
8343,日本航空,KIX,20240213,1325,230,1655,2466
9561,STARLUX Airlines,KIX,20240213,740,230,1110,2467
9686,國泰航空,KIX,20240213,1115,230,1445,2468
8199,台灣虎航,KIX,20240213,700,225,1025,2469
10311,STARLUX Airlines,KIX,20240213,920,230,1250,2470
7606,Thai VietJet Air,KIX,20240213,635,225,1000,2471
10553,長榮航空,KIX,20240213,630,225,955,2472
11100,長榮航空,KIX,20240213,830,225,1155,2473
10257,中華航空,KIX,20240213,1420,225,1745,2474
10553,長榮航空,KIX,20240213,1300,225,1625,2475
12418,中華航空,KIX,20240213,810,225,1135,2476
12390,中華航空,KIX,20240213,950,230,1320,2477
18403,日本航空,KIX,20240213,1325,230,1655,2478
23786,中華航空,KIX,20240213,810,225,1135,2479
23786,中華航空,KIX,20240213,950,230,1320,2480
23786,中華航空,KIX,20240213,1420,225,1745,2481
4131,樂桃,KIX,20240214,1055,230,1425,2482
3560,樂桃,KIX,20240214,1840,230,2210,2483
4131,樂桃,KIX,20240214,1425,230,1755,2484
5712,Thai VietJet Air,KIX,20240214,750,225,1115,2485
5904,台灣虎航,KIX,20240214,1235,225,1600,2486
6892,台灣虎航,KIX,20240214,700,225,1025,2487
6773,馬印航空,KIX,20240214,715,220,1035,2488
9019,STARLUX Airlines星宇航空,KIX,20240214,920,230,1250,2489
8992,STARLUX Airlines星宇航空,KIX,20240214,740,230,1110,2490
8757,長榮航空,KIX,20240214,630,225,955,2491
9226,國泰航空,KIX,20240214,1115,230,1445,2492
9913,長榮航空,KIX,20240214,830,225,1155,2493
8757,長榮航空,KIX,20240214,1300,225,1625,2494
8934,中華航空,KIX,20240214,1420,225,1745,2495
12407,中華航空,KIX,20240214,950,230,1320,2496
12407,中華航空,KIX,20240214,810,225,1135,2497
23786,中華航空,KIX,20240214,810,225,1135,2498
23786,中華航空,KIX,20240214,1420,225,1745,2499
23786,中華航空,KIX,20240214,950,230,1320,2500
3560,樂桃,KIX,20240215,1425,230,1755,2501
4754,馬印航空,KIX,20240215,715,220,1035,2502
3560,樂桃,KIX,20240215,1840,230,2210,2503
5723,Thai VietJet Air,KIX,20240215,750,225,1115,2504
6400,台灣虎航,KIX,20240215,700,225,1025,2505
5810,樂桃,KIX,20240215,1055,230,1425,2506
9561,STARLUX Airlines星宇航空,KIX,20240215,920,230,1250,2507
9118,長榮航空,KIX,20240215,630,225,955,2508
8512,日本航空,KIX,20240215,1325,230,1655,2509
10342,STARLUX Airlines星宇航空,KIX,20240215,740,230,1110,2510
9806,國泰航空,KIX,20240215,1115,230,1445,2511
8885,中華航空,KIX,20240215,1420,225,1745,2512
9669,長榮航空,KIX,20240215,1300,225,1625,2513
13333,中華航空,KIX,20240215,950,230,1320,2514
13333,中華航空,KIX,20240215,810,225,1135,2515
13167,長榮航空,KIX,20240215,830,225,1155,2516
18403,日本航空,KIX,20240215,1325,230,1655,2517
23786,中華航空,KIX,20240215,810,225,1135,2518
23786,中華航空,KIX,20240215,1420,225,1745,2519
23786,中華航空,KIX,20240215,950,230,1320,2520
30357,長榮航空,KIX,20240215,630,225,955,2521
30357,長榮航空,KIX,20240215,1300,225,1625,2522
30357,長榮航空,KIX,20240215,830,225,1155,2523
4844,馬印航空,KIX,20240216,715,220,1035,2524
3947,樂桃,KIX,20240216,1425,230,1755,2525
4610,樂桃,KIX,20240216,1055,230,1425,2526
3560,樂桃,KIX,20240216,1840,230,2210,2527
4899,台灣虎航,KIX,20240216,1205,225,1530,2528
5167,Thai VietJet Air,KIX,20240216,635,225,1000,2529
5904,台灣虎航,KIX,20240216,700,225,1025,2530
8992,STARLUX Airlines星宇航空,KIX,20240216,920,230,1250,2531
8992,STARLUX Airlines星宇航空,KIX,20240216,740,230,1110,2532
9248,長榮航空,KIX,20240216,630,225,955,2533
8386,日本航空,KIX,20240216,1325,230,1655,2534
9637,中華航空,KIX,20240216,950,230,1320,2535
9445,長榮航空,KIX,20240216,830,225,1155,2536
9948,中華航空,KIX,20240216,810,225,1135,2537
8934,中華航空,KIX,20240216,1420,225,1745,2538
9797,國泰航空,KIX,20240216,1115,230,1445,2539
9248,長榮航空,KIX,20240216,1300,225,1625,2540
18403,日本航空,KIX,20240216,1325,230,1655,2541
24281,中華航空,KIX,20240216,1420,225,1745,2542
24281,中華航空,KIX,20240216,810,225,1135,2543
24301,中華航空,KIX,20240216,950,230,1320,2544
30660,長榮航空,KIX,20240216,830,225,1155,2545
30660,長榮航空,KIX,20240216,630,225,955,2546
30660,長榮航空,KIX,20240216,1300,225,1625,2547
30660,長榮航空,KIX,20240216,1155,230,1445,2548
30660,長榮航空,KIX,20240216,1325,230,1655,2549
3560,樂桃,KIX,20240217,1040,230,1410,2550
3560,樂桃,KIX,20240217,1425,230,1755,2551
4385,台灣虎航,KIX,20240217,1205,225,1530,2552
4754,馬印航空,KIX,20240217,715,220,1035,2553
5171,Thai VietJet Air,KIX,20240217,635,225,1000,2554
3560,樂桃,KIX,20240217,1840,230,2210,2555
6400,台灣虎航,KIX,20240217,700,225,1025,2556
9000,STARLUX Airlines星宇航空,KIX,20240217,920,230,1250,2557
9126,長榮航空,KIX,20240217,630,225,955,2558
9560,中華航空,KIX,20240217,810,225,1135,2559
9560,中華航空,KIX,20240217,950,230,1320,2560
9579,STARLUX Airlines星宇航空,KIX,20240217,740,230,1110,2561
9832,國泰航空,KIX,20240217,1115,230,1445,2562
10351,長榮航空,KIX,20240217,830,225,1155,2563
8942,中華航空,KIX,20240217,1420,225,1745,2564
9126,長榮航空,KIX,20240217,1300,225,1625,2565
23807,中華航空,KIX,20240217,1420,225,1745,2566
23807,中華航空,KIX,20240217,810,225,1135,2567
23807,中華航空,KIX,20240217,950,230,1320,2568
30660,長榮航空,KIX,20240217,630,225,955,2569
30660,長榮航空,KIX,20240217,830,225,1155,2570
30660,長榮航空,KIX,20240217,1300,225,1625,2571
3560,樂桃,KIX,20240218,1425,230,1755,2572
4610,樂桃,KIX,20240218,1055,230,1425,2573
3560,樂桃,KIX,20240218,1840,230,2210,2574
4695,馬印航空,KIX,20240218,715,220,1035,2575
5390,台灣虎航,KIX,20240218,700,225,1025,2576
5687,Thai VietJet Air,KIX,20240218,750,225,1115,2577
9561,STARLUX Airlines星宇航空,KIX,20240218,920,230,1250,2578
9560,中華航空,KIX,20240218,950,230,1320,2579
9560,中華航空,KIX,20240218,810,225,1135,2580
9118,長榮航空,KIX,20240218,630,225,955,2581
9445,長榮航空,KIX,20240218,830,225,1155,2582
8885,中華航空,KIX,20240218,1420,225,1745,2583
9118,長榮航空,KIX,20240218,1300,225,1625,2584
9801,國泰航空,KIX,20240218,1115,230,1445,2585
23786,中華航空,KIX,20240218,810,225,1135,2586
23786,中華航空,KIX,20240218,1420,225,1745,2587
23786,中華航空,KIX,20240218,950,230,1320,2588
25246,STARLUX Airlines星宇航空,KIX,20240218,740,230,1110,2589
30660,長榮航空,KIX,20240218,1300,225,1625,2590
30660,長榮航空,KIX,20240218,830,225,1155,2591
30660,長榮航空,KIX,20240218,630,225,955,2592
3560,樂桃,KIX,20240219,1840,230,2210,2593
4610,樂桃,KIX,20240219,1055,230,1425,2594
4754,馬印航空,KIX,20240219,715,220,1035,2595
4010,樂桃,KIX,20240219,1425,230,1755,2596
4899,台灣虎航,KIX,20240219,1235,225,1600,2597
4642,Thai VietJet Air,KIX,20240219,635,225,1000,2598
6400,台灣虎航,KIX,20240219,700,225,1025,2599
8992,STARLUX Airlines星宇航空,KIX,20240219,920,230,1250,2600
8992,STARLUX Airlines星宇航空,KIX,20240219,740,230,1110,2601
8386,日本航空,KIX,20240219,1325,230,1655,2602
9561,中華航空,KIX,20240219,810,225,1135,2603
9561,中華航空,KIX,20240219,950,230,1320,2604
8885,中華航空,KIX,20240219,1420,225,1745,2605
9118,長榮航空,KIX,20240219,1300,225,1625,2606
10342,長榮航空,KIX,20240219,830,225,1155,2607
9832,國泰航空,KIX,20240219,1115,230,1445,2608
10342,長榮航空,KIX,20240219,630,225,955,2609
18403,日本航空,KIX,20240219,1325,230,1655,2610
23786,中華航空,KIX,20240219,810,225,1135,2611
23786,中華航空,KIX,20240219,1420,225,1745,2612
23786,中華航空,KIX,20240219,950,230,1320,2613
30194,長榮航空,KIX,20240219,830,225,1155,2614
30194,長榮航空,KIX,20240219,630,225,955,2615
30194,長榮航空,KIX,20240219,1300,225,1625,2616
4699,台灣虎航,KIX,20240220,1205,225,1530,2617
3560,樂桃,KIX,20240220,1840,230,2210,2618
4610,樂桃,KIX,20240220,1055,230,1425,2619
4010,樂桃,KIX,20240220,1425,230,1755,2620
4695,馬印航空,KIX,20240220,715,220,1035,2621
4642,Thai VietJet Air,KIX,20240220,635,225,1000,2622
5199,台灣虎航,KIX,20240220,700,225,1025,2623
8992,STARLUX Airlines星宇航空,KIX,20240220,920,230,1250,2624
9118,長榮航空,KIX,20240220,830,225,1155,2625
8386,日本航空,KIX,20240220,1325,230,1655,2626
9118,長榮航空,KIX,20240220,630,225,955,2627
9618,中華航空,KIX,20240220,810,225,1135,2628
9618,中華航空,KIX,20240220,950,230,1320,2629
8934,中華航空,KIX,20240220,1420,225,1745,2630
10311,STARLUX Airlines星宇航空,KIX,20240220,740,230,1110,2631
9321,長榮航空,KIX,20240220,1300,225,1625,2632
9806,國泰航空,KIX,20240220,1115,230,1445,2633
18403,日本航空,KIX,20240220,1325,230,1655,2634
23786,中華航空,KIX,20240220,1420,225,1745,2635
23786,中華航空,KIX,20240220,810,225,1135,2636
23786,中華航空,KIX,20240220,950,230,1320,2637
30660,長榮航空,KIX,20240220,830,225,1155,2638
30660,長榮航空,KIX,20240220,630,225,955,2639
30660,長榮航空,KIX,20240220,1300,225,1625,2640
4010,樂桃,KIX,20240221,1055,230,1425,2641
4699,台灣虎航,KIX,20240221,1235,225,1600,2642
4695,馬印航空,KIX,20240221,715,220,1035,2643
5199,台灣虎航,KIX,20240221,700,225,1025,2644
4010,樂桃,KIX,20240221,1840,230,2210,2645
4610,樂桃,KIX,20240221,1425,230,1755,2646
5687,Thai VietJet Air,KIX,20240221,750,225,1115,2647
8869,國泰航空,KIX,20240221,1115,230,1445,2648
8939,長榮航空,KIX,20240221,630,225,955,2649
9561,STARLUX Airlines星宇航空,KIX,20240221,920,230,1250,2650
9561,中華航空,KIX,20240221,950,230,1320,2651
8442,長榮航空,KIX,20240221,1300,225,1625,2652
9561,STARLUX Airlines星宇航空,KIX,20240221,740,230,1110,2653
10313,中華航空,KIX,20240221,950,230,1320,2654
8885,中華航空,KIX,20240221,1420,225,1745,2655
9579,中華航空,KIX,20240221,1420,225,1745,2656
11200,長榮航空,KIX,20240221,830,225,1155,2657
12398,中華航空,KIX,20240221,810,225,1135,2658
13715,中華航空,KIX,20240221,810,225,1135,2659
30194,長榮航空,KIX,20240221,630,225,955,2660
30194,長榮航空,KIX,20240221,1300,225,1625,2661
30194,長榮航空,KIX,20240221,830,225,1155,2662
5810,樂桃,KIX,20240222,1055,230,1425,2663
6699,台灣虎航,KIX,20240222,700,225,1025,2664
6695,馬印航空,KIX,20240222,715,220,1035,2665
5810,樂桃,KIX,20240222,1425,230,1755,2666
5210,樂桃,KIX,20240222,1840,230,2210,2667
7606,Thai VietJet Air,KIX,20240222,750,225,1115,2668
10317,STARLUX Airlines星宇航空,KIX,20240222,920,230,1250,2669
9836,國泰航空,KIX,20240222,1115,230,1445,2670
10342,長榮航空,KIX,20240222,630,225,955,2671
10124,中華航空,KIX,20240222,1420,225,1745,2672
10342,長榮航空,KIX,20240222,1300,225,1625,2673
12165,STARLUX Airlines星宇航空,KIX,20240222,740,230,1110,2674
12381,中華航空,KIX,20240222,810,225,1135,2675
12381,中華航空,KIX,20240222,950,230,1320,2676
11042,日本航空,KIX,20240222,1325,230,1655,2677
13167,長榮航空,KIX,20240222,830,225,1155,2678
18403,日本航空,KIX,20240222,1325,230,1655,2679
23786,中華航空,KIX,20240222,810,225,1135,2680
23786,中華航空,KIX,20240222,1420,225,1745,2681
23786,中華航空,KIX,20240222,950,230,1320,2682
30194,長榮航空,KIX,20240222,830,225,1155,2683
30194,長榮航空,KIX,20240222,1300,225,1625,2684
30194,長榮航空,KIX,20240222,630,225,955,2685
6534,Thai VietJet Air,KIX,20240223,635,225,1000,2686
6410,樂桃,KIX,20240223,1055,230,1425,2687
6773,馬印航空,KIX,20240223,715,220,1035,2688
5352,樂桃,KIX,20240223,1840,230,2210,2689
8393,台灣虎航,KIX,20240223,700,225,1025,2690
9801,國泰航空,KIX,20240223,1115,230,1445,2691
10342,長榮航空,KIX,20240223,830,225,1155,2692
8393,台灣虎航,KIX,20240223,1205,225,1530,2693
11091,長榮航空,KIX,20240223,630,225,955,2694
7350,樂桃,KIX,20240223,1425,230,1755,2695
12947,日本航空,KIX,20240223,1325,230,1655,2696
15468,STARLUX Airlines星宇航空,KIX,20240223,920,230,1250,2697
15629,STARLUX Airlines星宇航空,KIX,20240223,740,230,1110,2698
17956,中華航空,KIX,20240223,950,230,1320,2699
17956,中華航空,KIX,20240223,810,225,1135,2700
18395,日本航空,KIX,20240223,1325,230,1655,2701
17846,中華航空,KIX,20240223,1420,225,1745,2702
21405,長榮航空,KIX,20240223,1300,225,1625,2703
23786,中華航空,KIX,20240223,810,225,1135,2704
24289,中華航空,KIX,20240223,1420,225,1745,2705
23786,中華航空,KIX,20240223,950,230,1320,2706
30659,長榮航空,KIX,20240223,830,225,1155,2707
30659,長榮航空,KIX,20240223,1300,225,1625,2708
30659,長榮航空,KIX,20240223,630,225,955,2709
8199,台灣虎航,KIX,20240224,700,225,1025,2710
9806,國泰航空,KIX,20240224,1115,230,1445,2711
8199,台灣虎航,KIX,20240224,1205,225,1530,2712
8741,Thai VietJet Air,KIX,20240224,635,225,1000,2713
9010,樂桃,KIX,20240224,1040,230,1410,2714
10347,馬印航空,KIX,20240224,715,220,1035,2715
13162,STARLUX Airlines星宇航空,KIX,20240224,920,230,1250,2716
8243,樂桃,KIX,20240224,1425,230,1755,2717
15656,STARLUX Airlines星宇航空,KIX,20240224,740,230,1110,2718
17956,中華航空,KIX,20240224,1420,225,1745,2719
21454,中華航空,KIX,20240224,810,225,1135,2720
21454,中華航空,KIX,20240224,950,230,1320,2721
11210,樂桃,KIX,20240224,1840,230,2210,2722
21405,長榮航空,KIX,20240224,830,225,1155,2723
23786,中華航空,KIX,20240224,810,225,1135,2724
23786,中華航空,KIX,20240224,950,230,1320,2725
21642,長榮航空,KIX,20240224,1300,225,1625,2726
24835,長榮航空,KIX,20240224,630,225,955,2727
23786,中華航空,KIX,20240224,1420,225,1745,2728
32474,長榮航空,KIX,20240224,830,225,1155,2729
42477,長榮航空,KIX,20240224,630,225,955,2730
42477,長榮航空,KIX,20240224,1300,225,1625,2731
7574,Thai VietJet Air,KIX,20240225,750,225,1115,2732
8199,台灣虎航,KIX,20240225,700,225,1025,2733
11119,國泰航空,KIX,20240225,1115,230,1445,2734
9095,馬印航空,KIX,20240225,715,220,1035,2735
10010,樂桃,KIX,20240225,1055,230,1425,2736
12239,長榮航空,KIX,20240225,630,225,955,2737
14293,中華航空,KIX,20240225,950,230,1320,2738
17956,中華航空,KIX,20240225,810,225,1135,2739
17867,長榮航空,KIX,20240225,830,225,1155,2740
18214,長榮航空,KIX,20240225,1300,225,1625,2741
12410,樂桃,KIX,20240225,1840,230,2210,2742
21580,STARLUX Airlines星宇航空,KIX,20240225,920,230,1250,2743
21369,STARLUX Airlines星宇航空,KIX,20240225,740,230,1110,2744
21454,中華航空,KIX,20240225,1420,225,1745,2745
15380,樂桃,KIX,20240225,1425,230,1755,2746
23786,中華航空,KIX,20240225,810,225,1135,2747
23786,中華航空,KIX,20240225,950,230,1320,2748
23786,中華航空,KIX,20240225,1420,225,1745,2749
30194,長榮航空,KIX,20240225,630,225,955,2750
30194,長榮航空,KIX,20240225,830,225,1155,2751
32108,長榮航空,KIX,20240225,1300,225,1625,2752
5695,馬印航空,KIX,20240226,715,220,1035,2753
5449,Thai VietJet Air,KIX,20240226,635,225,1000,2754
6199,台灣虎航,KIX,20240226,700,225,1025,2755
6699,台灣虎航,KIX,20240226,1235,225,1600,2756
8992,STARLUX Airlines星宇航空,KIX,20240226,740,230,1110,2757
9248,長榮航空,KIX,20240226,630,225,955,2758
9584,STARLUX Airlines星宇航空,KIX,20240226,920,230,1250,2759
9560,中華航空,KIX,20240226,950,230,1320,2760
9560,中華航空,KIX,20240226,810,225,1135,2761
9801,國泰航空,KIX,20240226,1115,230,1445,2762
8010,樂桃,KIX,20240226,1055,230,1425,2763
10533,長榮航空,KIX,20240226,830,225,1155,2764
6588,樂桃,KIX,20240226,1840,230,2210,2765
10175,中華航空,KIX,20240226,1420,225,1745,2766
11217,日本航空,KIX,20240226,1325,230,1655,2767
12474,長榮航空,KIX,20240226,1300,225,1625,2768
9010,樂桃,KIX,20240226,1425,230,1755,2769
18403,日本航空,KIX,20240226,1325,230,1655,2770
24275,中華航空,KIX,20240226,810,225,1135,2771
24275,中華航空,KIX,20240226,1420,225,1745,2772
24295,中華航空,KIX,20240226,950,230,1320,2773
30654,長榮航空,KIX,20240226,830,225,1155,2774
30654,長榮航空,KIX,20240226,1300,225,1625,2775
30659,長榮航空,KIX,20240226,630,225,955,2776
6400,台灣虎航,KIX,20240227,1205,225,1530,2777
6410,樂桃,KIX,20240227,1055,230,1425,2778
6189,Thai VietJet Air,KIX,20240227,635,225,1000,2779
7493,台灣虎航,KIX,20240227,700,225,1025,2780
5810,樂桃,KIX,20240227,1840,230,2210,2781
6410,樂桃,KIX,20240227,1425,230,1755,2782
9868,中華航空,KIX,20240227,950,230,1320,2783
9118,長榮航空,KIX,20240227,1300,225,1625,2784
9839,國泰航空,KIX,20240227,1115,230,1445,2785
8073,馬印航空,KIX,20240227,715,220,1035,2786
9254,中華航空,KIX,20240227,1420,225,1745,2787
12216,STARLUX Airlines星宇航空,KIX,20240227,920,230,1250,2788
11041,日本航空,KIX,20240227,1325,230,1655,2789
12402,中華航空,KIX,20240227,810,225,1135,2790
12167,STARLUX Airlines星宇航空,KIX,20240227,740,230,1110,2791
12239,長榮航空,KIX,20240227,630,225,955,2792
13167,長榮航空,KIX,20240227,830,225,1155,2793
18403,日本航空,KIX,20240227,1325,230,1655,2794
24284,中華航空,KIX,20240227,810,225,1135,2795
24284,中華航空,KIX,20240227,1420,225,1745,2796
24305,中華航空,KIX,20240227,950,230,1320,2797
30357,長榮航空,KIX,20240227,630,225,955,2798
30357,長榮航空,KIX,20240227,830,225,1155,2799
30357,長榮航空,KIX,20240227,1300,225,1625,2800
6042,樂桃,KIX,20240228,1055,230,1425,2801
5351,樂桃,KIX,20240228,1425,230,1755,2802
7606,Thai VietJet Air,KIX,20240228,750,225,1115,2803
9806,國泰航空,KIX,20240228,1115,230,1445,2804
8199,台灣虎航,KIX,20240228,1235,225,1600,2805
6602,樂桃,KIX,20240228,1840,230,2210,2806
9056,馬印航空,KIX,20240228,715,220,1035,2807
11199,台灣虎航,KIX,20240228,700,225,1025,2808
14190,STARLUX Airlines,KIX,20240228,740,230,1110,2809
12409,中華航空,KIX,20240228,1420,225,1745,2810
14136,長榮航空,KIX,20240228,630,225,955,2811
13167,長榮航空,KIX,20240228,1300,225,1625,2812
16981,STARLUX Airlines,KIX,20240228,920,230,1250,2813
17956,中華航空,KIX,20240228,950,230,1320,2814
17867,長榮航空,KIX,20240228,830,225,1155,2815
21454,中華航空,KIX,20240228,810,225,1135,2816
23786,中華航空,KIX,20240228,810,225,1135,2817
23786,中華航空,KIX,20240228,1420,225,1745,2818
23786,中華航空,KIX,20240228,950,230,1320,2819
30357,長榮航空,KIX,20240228,1300,225,1625,2820
30357,長榮航空,KIX,20240228,630,225,955,2821
30357,長榮航空,KIX,20240228,830,225,1155,2822
5759,馬印航空,KIX,20240229,715,220,1035,2823
5687,Thai VietJet Air,KIX,20240229,750,225,1115,2824
4610,樂桃,KIX,20240229,1840,230,2210,2825
6892,台灣虎航,KIX,20240229,700,225,1025,2826
6410,樂桃,KIX,20240229,1055,230,1425,2827
9118,長榮航空,KIX,20240229,830,225,1155,2828
5810,樂桃,KIX,20240229,1425,230,1755,2829
9571,STARLUX Airlines星宇航空,KIX,20240229,920,230,1250,2830
9118,長榮航空,KIX,20240229,630,225,955,2831
9561,中華航空,KIX,20240229,810,225,1135,2832
9561,STARLUX Airlines星宇航空,KIX,20240229,740,230,1110,2833
9561,中華航空,KIX,20240229,950,230,1320,2834
9703,國泰航空,KIX,20240229,1115,230,1445,2835
8885,中華航空,KIX,20240229,1420,225,1745,2836
9118,長榮航空,KIX,20240229,1300,225,1625,2837
11007,日本航空,KIX,20240229,1325,230,1655,2838
18403,日本航空,KIX,20240229,1325,230,1655,2839
23786,中華航空,KIX,20240229,810,225,1135,2840
23786,中華航空,KIX,20240229,1420,225,1745,2841
23786,中華航空,KIX,20240229,950,230,1320,2842
30396,長榮航空,KIX,20240229,630,225,955,2843
30396,長榮航空,KIX,20240229,830,225,1155,2844
30396,長榮航空,KIX,20240229,1300,225,1625,2845
6463,Thai VietJet Air,KIX,20240301,635,225,1000,2846
6400,台灣虎航,KIX,20240301,1205,225,1530,2847
6997,台灣虎航,KIX,20240301,700,225,1025,2848
6410,樂桃,KIX,20240301,1055,230,1425,2849
6773,馬印航空,KIX,20240301,715,220,1035,2850
9118,長榮航空,KIX,20240301,830,225,1155,2851
8386,日本航空,KIX,20240301,1325,230,1655,2852
5810,樂桃,KIX,20240301,1425,230,1755,2853
9561,中華航空,KIX,20240301,810,225,1135,2854
9868,中華航空,KIX,20240301,950,230,1320,2855
9891,長榮航空,KIX,20240301,630,225,955,2856
10311,STARLUX Airlines,KIX,20240301,920,230,1250,2857
10311,STARLUX Airlines,KIX,20240301,740,230,1110,2858
9839,國泰航空,KIX,20240301,1115,230,1445,2859
8885,中華航空,KIX,20240301,1420,225,1745,2860
5810,樂桃,KIX,20240301,1840,230,2210,2861
10342,長榮航空,KIX,20240301,1300,225,1625,2862
18403,日本航空,KIX,20240301,1325,230,1655,2863
23786,中華航空,KIX,20240301,810,225,1135,2864
23786,中華航空,KIX,20240301,1420,225,1745,2865
23786,中華航空,KIX,20240301,950,230,1320,2866
30396,長榮航空,KIX,20240301,630,225,955,2867
30396,長榮航空,KIX,20240301,1300,225,1625,2868
30396,長榮航空,KIX,20240301,830,225,1155,2869
5699,台灣虎航,KIX,20240302,1205,225,1530,2870
6136,Thai VietJet Air,KIX,20240302,635,225,1000,2871
4750,樂桃,KIX,20240302,1425,230,1755,2872
6695,馬印航空,KIX,20240302,715,220,1035,2873
7299,台灣虎航,KIX,20240302,700,225,1025,2874
6410,樂桃,KIX,20240302,1040,230,1410,2875
9118,長榮航空,KIX,20240302,630,225,955,2876
9817,長榮航空,KIX,20240302,830,225,1155,2877
9806,國泰航空,KIX,20240302,1115,230,1445,2878
10311,STARLUX Airlines星宇航空,KIX,20240302,920,230,1250,2879
9118,長榮航空,KIX,20240302,1300,225,1625,2880
10311,STARLUX Airlines星宇航空,KIX,20240302,740,230,1110,2881
9254,中華航空,KIX,20240302,1420,225,1745,2882
5810,樂桃,KIX,20240302,1840,230,2210,2883
12401,中華航空,KIX,20240302,810,225,1135,2884
12409,中華航空,KIX,20240302,950,230,1320,2885
23786,中華航空,KIX,20240302,810,225,1135,2886
23786,中華航空,KIX,20240302,1420,225,1745,2887
23786,中華航空,KIX,20240302,950,230,1320,2888
30194,長榮航空,KIX,20240302,830,225,1155,2889
30194,長榮航空,KIX,20240302,1300,225,1625,2890
30194,長榮航空,KIX,20240302,630,225,955,2891
5777,Thai VietJet Air,KIX,20240303,750,225,1115,2892
6699,台灣虎航,KIX,20240303,700,225,1025,2893
6410,樂桃,KIX,20240303,1055,230,1425,2894
6695,馬印航空,KIX,20240303,715,220,1035,2895
9118,長榮航空,KIX,20240303,630,225,955,2896
9561,STARLUX Airlines星宇航空,KIX,20240303,740,230,1110,2897
9633,中華航空,KIX,20240303,810,225,1135,2898
8934,中華航空,KIX,20240303,1420,225,1745,2899
9806,國泰航空,KIX,20240303,1115,230,1445,2900
9948,中華航空,KIX,20240303,950,230,1320,2901
10311,STARLUX Airlines星宇航空,KIX,20240303,920,230,1250,2902
6410,樂桃,KIX,20240303,1840,230,2210,2903
7210,樂桃,KIX,20240303,1425,230,1755,2904
10342,長榮航空,KIX,20240303,1300,225,1625,2905
12239,長榮航空,KIX,20240303,830,225,1155,2906
23786,中華航空,KIX,20240303,1420,225,1745,2907
23786,中華航空,KIX,20240303,810,225,1135,2908
23786,中華航空,KIX,20240303,950,230,1320,2909
30194,長榮航空,KIX,20240303,1300,225,1625,2910
30194,長榮航空,KIX,20240303,830,225,1155,2911
30194,長榮航空,KIX,20240303,630,225,955,2912
5048,Thai VietJet Air,KIX,20240304,635,225,1000,2913
5904,台灣虎航,KIX,20240304,1230,225,1555,2914
5810,樂桃,KIX,20240304,1055,230,1425,2915
5854,馬印航空,KIX,20240304,715,220,1035,2916
6892,台灣虎航,KIX,20240304,700,225,1025,2917
5210,樂桃,KIX,20240304,1840,230,2210,2918
5810,樂桃,KIX,20240304,1425,230,1755,2919
8992,STARLUX Airlines,KIX,20240304,740,230,1110,2920
9118,長榮航空,KIX,20240304,630,225,955,2921
9413,長榮航空,KIX,20240304,830,225,1155,2922
9561,STARLUX Airlines,KIX,20240304,920,230,1250,2923
9561,中華航空,KIX,20240304,950,230,1320,2924
9561,中華航空,KIX,20240304,810,225,1135,2925
9118,長榮航空,KIX,20240304,1300,225,1625,2926
8885,中華航空,KIX,20240304,1420,225,1745,2927
9810,國泰航空,KIX,20240304,1115,230,1445,2928
11042,日本航空,KIX,20240304,1325,230,1655,2929
18403,日本航空,KIX,20240304,1325,230,1655,2930
24371,中華航空,KIX,20240304,1420,225,1745,2931
24371,中華航空,KIX,20240304,810,225,1135,2932
24371,中華航空,KIX,20240304,950,230,1320,2933
30194,長榮航空,KIX,20240304,1300,225,1625,2934
30194,長榮航空,KIX,20240304,830,225,1155,2935
30654,長榮航空,KIX,20240304,630,225,955,2936
4252,Thai VietJet Air,KIX,20240305,635,225,1000,2937
5199,台灣虎航,KIX,20240305,1205,225,1530,2938
4741,樂桃,KIX,20240305,1425,230,1755,2939
5695,馬印航空,KIX,20240305,715,220,1035,2940
5810,樂桃,KIX,20240305,1055,230,1425,2941
6699,台灣虎航,KIX,20240305,700,225,1025,2942
5210,樂桃,KIX,20240305,1840,230,2210,2943
8992,STARLUX Airlines,KIX,20240305,740,230,1110,2944
8386,日本航空,KIX,20240305,1325,230,1655,2945
9561,STARLUX Airlines,KIX,20240305,920,230,1250,2946
9118,長榮航空,KIX,20240305,630,225,955,2947
9561,中華航空,KIX,20240305,810,225,1135,2948
9561,中華航空,KIX,20240305,950,230,1320,2949
9669,長榮航空,KIX,20240305,830,225,1155,2950
9118,長榮航空,KIX,20240305,1300,225,1625,2951
8885,中華航空,KIX,20240305,1420,225,1745,2952
9836,國泰航空,KIX,20240305,1115,230,1445,2953
18403,日本航空,KIX,20240305,1325,230,1655,2954
23786,中華航空,KIX,20240305,810,225,1135,2955
23786,中華航空,KIX,20240305,1420,225,1745,2956
23786,中華航空,KIX,20240305,950,230,1320,2957
30616,長榮航空,KIX,20240305,1300,225,1625,2958
30616,長榮航空,KIX,20240305,630,225,955,2959
30616,長榮航空,KIX,20240305,830,225,1155,2960
5904,台灣虎航,KIX,20240306,1130,225,1455,2961
5782,Thai VietJet Air,KIX,20240306,750,225,1115,2962
5810,樂桃,KIX,20240306,1055,230,1425,2963
4610,樂桃,KIX,20240306,1840,230,2210,2964
6998,台灣虎航,KIX,20240306,700,225,1025,2965
6773,馬印航空,KIX,20240306,715,220,1035,2966
9579,STARLUX Airlines星宇航空,KIX,20240306,920,230,1250,2967
9126,長榮航空,KIX,20240306,630,225,955,2968
9637,中華航空,KIX,20240306,950,230,1320,2969
9678,長榮航空,KIX,20240306,830,225,1155,2970
6410,樂桃,KIX,20240306,1425,230,1755,2971
8865,中華航空,KIX,20240306,1420,225,1745,2972
9806,國泰航空,KIX,20240306,1115,230,1445,2973
10320,STARLUX Airlines星宇航空,KIX,20240306,740,230,1110,2974
10351,長榮航空,KIX,20240306,1300,225,1625,2975
12430,中華航空,KIX,20240306,810,225,1135,2976
23807,中華航空,KIX,20240306,1420,225,1745,2977
23807,中華航空,KIX,20240306,810,225,1135,2978
23807,中華航空,KIX,20240306,950,230,1320,2979
30221,長榮航空,KIX,20240306,830,225,1155,2980
30221,長榮航空,KIX,20240306,630,225,955,2981
30221,長榮航空,KIX,20240306,1300,225,1625,2982
5969,樂桃,KIX,20240307,1055,230,1425,2983
6773,馬印航空,KIX,20240307,715,220,1035,2984
7493,台灣虎航,KIX,20240307,700,225,1025,2985
9118,長榮航空,KIX,20240307,630,225,955,2986
5810,樂桃,KIX,20240307,1425,230,1755,2987
7494,Thai VietJet Air,KIX,20240307,750,225,1115,2988
9669,長榮航空,KIX,20240307,830,225,1155,2989
8512,日本航空,KIX,20240307,1325,230,1655,2990
10311,STARLUX Airlines星宇航空,KIX,20240307,920,230,1250,2991
10257,中華航空,KIX,20240307,950,230,1320,2992
10311,STARLUX Airlines星宇航空,KIX,20240307,740,230,1110,2993
9703,國泰航空,KIX,20240307,1115,230,1445,2994
8865,中華航空,KIX,20240307,1420,225,1745,2995
5810,樂桃,KIX,20240307,1840,230,2210,2996
12418,中華航空,KIX,20240307,810,225,1135,2997
13167,長榮航空,KIX,20240307,1300,225,1625,2998
18403,日本航空,KIX,20240307,1325,230,1655,2999
23786,中華航空,KIX,20240307,1420,225,1745,3000
23786,中華航空,KIX,20240307,810,225,1135,3001
23786,中華航空,KIX,20240307,950,230,1320,3002
30194,長榮航空,KIX,20240307,630,225,955,3003
30194,長榮航空,KIX,20240307,1300,225,1625,3004
30194,長榮航空,KIX,20240307,830,225,1155,3005
6562,Thai VietJet Air,KIX,20240308,635,225,1000,3006
6400,台灣虎航,KIX,20240308,1205,225,1530,3007
6908,馬印航空,KIX,20240308,715,220,1035,3008
6585,樂桃,KIX,20240308,1055,230,1425,3009
7493,台灣虎航,KIX,20240308,700,225,1025,3010
9118,長榮航空,KIX,20240308,630,225,955,3011
5966,樂桃,KIX,20240308,1425,230,1755,3012
9561,中華航空,KIX,20240308,810,225,1135,3013
9561,中華航空,KIX,20240308,950,230,1320,3014
9669,長榮航空,KIX,20240308,830,225,1155,3015
10311,STARLUX Airlines星宇航空,KIX,20240308,740,230,1110,3016
9837,國泰航空,KIX,20240308,1115,230,1445,3017
6585,樂桃,KIX,20240308,1840,230,2210,3018
12167,STARLUX Airlines星宇航空,KIX,20240308,920,230,1250,3019
11012,日本航空,KIX,20240308,1325,230,1655,3020
18403,日本航空,KIX,20240308,1325,230,1655,3021
17956,中華航空,KIX,20240308,1420,225,1745,3022
17889,長榮航空,KIX,20240308,1300,225,1625,3023
23786,中華航空,KIX,20240308,810,225,1135,3024
23786,中華航空,KIX,20240308,1420,225,1745,3025
23786,中華航空,KIX,20240308,950,230,1320,3026
30651,長榮航空,KIX,20240308,1300,225,1625,3027
30651,長榮航空,KIX,20240308,630,225,955,3028
30651,長榮航空,KIX,20240308,830,225,1155,3029
5365,樂桃,KIX,20240309,1040,230,1410,3030
6199,台灣虎航,KIX,20240309,1205,225,1530,3031
6562,Thai VietJet Air,KIX,20240309,635,225,1000,3032
6695,馬印航空,KIX,20240309,715,220,1035,3033
7299,台灣虎航,KIX,20240309,700,225,1025,3034
5348,樂桃,KIX,20240309,1425,230,1755,3035
9118,長榮航空,KIX,20240309,630,225,955,3036
9669,長榮航空,KIX,20240309,830,225,1155,3037
9839,國泰航空,KIX,20240309,1115,230,1445,3038
10311,STARLUX Airlines星宇航空,KIX,20240309,920,230,1250,3039
10311,STARLUX Airlines星宇航空,KIX,20240309,740,230,1110,3040
8885,中華航空,KIX,20240309,1420,225,1745,3041
9669,長榮航空,KIX,20240309,1300,225,1625,3042
5810,樂桃,KIX,20240309,1840,230,2210,3043
12418,中華航空,KIX,20240309,810,225,1135,3044
12418,中華航空,KIX,20240309,950,230,1320,3045
23786,中華航空,KIX,20240309,810,225,1135,3046
23786,中華航空,KIX,20240309,1420,225,1745,3047
23786,中華航空,KIX,20240309,950,230,1320,3048
30651,長榮航空,KIX,20240309,830,225,1155,3049
30651,長榮航空,KIX,20240309,1300,225,1625,3050
30651,長榮航空,KIX,20240309,630,225,955,3051
5695,馬印航空,KIX,20240310,715,220,1035,3052
5810,樂桃,KIX,20240310,1055,230,1425,3053
6699,台灣虎航,KIX,20240310,700,225,1025,3054
6562,Thai VietJet Air,KIX,20240310,750,225,1115,3055
6410,樂桃,KIX,20240310,1425,230,1755,3056
5810,樂桃,KIX,20240310,1840,230,2210,3057
9248,長榮航空,KIX,20240310,630,225,955,3058
9667,STARLUX Airlines星宇航空,KIX,20240310,920,230,1250,3059
8885,中華航空,KIX,20240310,1420,225,1745,3060
9561,中華航空,KIX,20240310,950,230,1320,3061
9561,中華航空,KIX,20240310,810,225,1135,3062
9561,STARLUX Airlines星宇航空,KIX,20240310,740,230,1110,3063
9801,國泰航空,KIX,20240310,1115,230,1445,3064
10596,長榮航空,KIX,20240310,830,225,1155,3065
14357,長榮航空,KIX,20240310,1300,225,1625,3066
23786,中華航空,KIX,20240310,1420,225,1745,3067
23786,中華航空,KIX,20240310,810,225,1135,3068
23786,中華航空,KIX,20240310,950,230,1320,3069
30660,長榮航空,KIX,20240310,830,225,1155,3070
30660,長榮航空,KIX,20240310,1300,225,1625,3071
30660,長榮航空,KIX,20240310,630,225,955,3072
